SMILES,CID,ROMol,molecular_weight,n_hba,n_hbd,logp,f_avg_pIC50,r_avg_pIC50,Ro5_fulfilled
N#Cc1cccc(NC(=O)Cc2cncc3ccccc23)c1,DAR-DIA-23aa0b97-19,<rdkit.Chem.rdchem.Mol object at 0x1683ef220>,287.105862036,3,1,3.2876800000000017,4.573171433460783,4.83442656736938,True
O=C(Cc1cncc2ccccc12)Nc1ccccc1,DAR-DIA-23aa0b97-20,<rdkit.Chem.rdchem.Mol object at 0x1683ee1f0>,262.110613068,2,1,3.4160000000000013,4.239649776294817,4.3460404746272285,True
Cc1c(N)cncc1NC(=O)Cc1cccc(Cl)c1,TRY-UNI-714a760b-3,<rdkit.Chem.rdchem.Mol object at 0x1683ee180>,275.082539748,3,2,2.806820000000001,5.374446822753493,5.086096223038158,True
Cc1ccncc1NC(=O)Cc1cccc(Cl)c1,TRY-UNI-714a760b-6,<rdkit.Chem.rdchem.Mol object at 0x1683ee110>,260.071640716,2,1,3.2246200000000016,4.609397022087134,4.857136294212543,True
Cc1ccncc1NC(=O)Nc1cccc(Cl)c1,TRY-UNI-714a760b-12,<rdkit.Chem.rdchem.Mol object at 0x1683ee0a0>,261.066889684,2,2,3.6874200000000013,4.190380951243635,4.3401858493964935,True
Cc1ccncc1NC(=O)C(C)c1cccc(Cl)c1,TRY-UNI-714a760b-18,<rdkit.Chem.rdchem.Mol object at 0x1683ee030>,274.08729078000005,2,1,3.7856200000000024,4.58170257283712,4.887137275988869,True
Cc1c(N)cncc1NC(=O)Cc1cccc(C#N)c1,TRY-UNI-714a760b-19,<rdkit.Chem.rdchem.Mol object at 0x1683edfc0>,266.116761068,4,2,2.0251,4.79410412991646,4.491860124176105,True
Cc1ccncc1NC(=O)Cc1cccc(C#N)c1,TRY-UNI-714a760b-20,<rdkit.Chem.rdchem.Mol object at 0x1683edee0>,251.105862036,3,1,2.4429000000000007,4.212001184904937,4.358059610543538,True
Cc1ccncc1NC(=O)C(C)c1cccc(C#N)c1,TRY-UNI-714a760b-22,<rdkit.Chem.rdchem.Mol object at 0x1683edf50>,265.1215121,3,1,3.0039000000000016,4.260088777161462,4.34378750227385,True
Cc1ccncc1NC(=O)Nc1cccc(C#N)c1,TRY-UNI-714a760b-24,<rdkit.Chem.rdchem.Mol object at 0x1683edcb0>,252.101111004,3,2,2.9057000000000004,4.004320939488378,4.306895812751573,True
COc1cc(Cl)cc(OC(=O)Nc2cccnc2)c1,AGN-NEW-891393a6-1,<rdkit.Chem.rdchem.Mol object at 0x1683edbd0>,278.045819892,4,1,3.3545000000000016,5.174936241095444,5.82002057239774,True
CS(=O)(=O)N1CCN(C(=O)CCl)CC1c1ccccc1,DUN-NEW-f8ce3686-22,<rdkit.Chem.rdchem.Mol object at 0x1683edb60>,316.064841084,3,0,1.0703,4.976239265246978,5.480357927388073,True
O=C(CCl)Nc1nc2c(S(=O)(=O)NCCc3ccccc3)cccc2s1,DUN-NEW-f8ce3686-23,<rdkit.Chem.rdchem.Mol object at 0x1683edaf0>,409.032161052,5,2,2.994600000000002,4.72347410753231,5.068154729656165,True
CC(=O)NCCc1c[nH]c2c(CN3CCN(C(=O)CCl)CC3)cccc12,DUN-NEW-f8ce3686-24,<rdkit.Chem.rdchem.Mol object at 0x1683eda80>,376.16660372,3,2,1.7295,4.760429521780716,4.939046190874318,True
CC(=O)NCCc1c[nH]c2ccc(O)cc12,JOH-MSK-a63bdd1d-4,<rdkit.Chem.rdchem.Mol object at 0x1683eda10>,218.105527688,2,3,1.5521,4.002176919254275,4.00436480540245,True
CC(C)C[C@@H]1CN(C(=O)CCl)CCN1Cc1cccc(Cl)c1,DAN-LON-a5fc619e-3,<rdkit.Chem.rdchem.Mol object at 0x1683ed9a0>,342.126568748,2,0,3.6377000000000024,6.105680557688183,6.2884333729900295,True
O=C(CCl)N1CC2CC1CN2Cc1cccc(Cl)c1,DAN-LON-a5fc619e-8,<rdkit.Chem.rdchem.Mol object at 0x1683ed930>,298.06396849199996,2,0,2.3639,5.664163637835885,6.1834563471864605,True
Nc1cccc(C2CN(C(=O)CCl)Cc3ccccc32)c1,NIR-THE-c331be7a-1,<rdkit.Chem.rdchem.Mol object at 0x1683ed8c0>,300.10294084400005,2,1,2.981700000000002,5.0348310745854645,4.942537896250753,True
N#Cc1cccc(C2CN(C(=O)CCl)Cc3ccccc32)c1,NIR-THE-c331be7a-2,<rdkit.Chem.rdchem.Mol object at 0x1683ed850>,310.08729078000005,2,0,3.271180000000002,5.931038995291563,5.841329945122207,True
Cc1cccc(C2CN(C(=O)CCl)Cc3ccccc32)c1,NIR-THE-c331be7a-6,<rdkit.Chem.rdchem.Mol object at 0x1683ed7e0>,299.107691876,1,0,3.7079200000000023,5.698075287919214,6.376967288157135,True
Cc1cc(Cl)cc(CC2CCN(C(=O)CCl)CC2)c1,NIR-THE-0d6461ce-8,<rdkit.Chem.rdchem.Mol object at 0x1683ed770>,299.084369588,1,0,3.6683200000000022,5.446800350217501,5.908141958935006,True
Cc1cc(C)nc(NC2CCN(C(=O)CCl)CC2)n1,GIA-UNK-a79af1bc-1,<rdkit.Chem.rdchem.Mol object at 0x1683ed700>,282.12473890800004,4,1,1.73514,4.559773738607522,4.710547365521835,True
CC(NC(=O)CCl)c1cc(F)cc(Cl)c1,DAV-CRI-3edb475e-6,<rdkit.Chem.rdchem.Mol object at 0x1683ed690>,249.01234752,1,1,2.895100000000001,4.553714038027561,4.678748547704329,True
CC(NC(=O)CCl)c1cc(Cl)cc(-c2ccc(S(N)(=O)=O)cc2)c1,DAV-CRI-14a23e73-1,<rdkit.Chem.rdchem.Mol object at 0x1683ed620>,386.025868732,3,2,3.0704000000000002,6.331847279924751,6.279329969132522,True
CCNc1ncc(C#N)cc1CN1CCN(C(=O)CCl)CC1,DAR-DIA-fb20be43-4,<rdkit.Chem.rdchem.Mol object at 0x1683ed5b0>,321.13563794,5,1,1.2680799999999999,5.492631965020244,5.785157736230183,True
N#Cc1cc(CN2CCN(C(=O)CCl)CC2)c2ccccc2c1,DAR-DIA-fb20be43-6,<rdkit.Chem.rdchem.Mol object at 0x1683ed540>,327.113839876,3,0,2.594480000000001,5.336656649216463,5.9346539667452145,True
COc1cc(CN2CCN(C(=O)CCl)CC2)c2ccccc2c1,DAR-DIA-fb20be43-7,<rdkit.Chem.rdchem.Mol object at 0x1683ed4d0>,332.129155592,3,0,2.7314000000000007,5.561431591054845,5.790288518283104,True
O=C(CCl)N1CCN(C(c2ccccc2)C2CCOCC2)CC1,GIA-UNK-20b63697-2,<rdkit.Chem.rdchem.Mol object at 0x1683ed460>,336.16045572,3,0,2.537300000000001,4.662265642828726,5.7726275565884,True
O=C(CCl)N1CCN(C(c2ccccc2)C2CCCCC2)CC1,GIA-UNK-20b63697-6,<rdkit.Chem.rdchem.Mol object at 0x1683ed3f0>,334.18119116400004,2,0,3.6910000000000025,5.361479441468479,6.191408797480539,True
CC(CCc1ccccc1)N1CCN(C(=O)CCl)CC1,MAK-UNK-af83ef51-2,<rdkit.Chem.rdchem.Mol object at 0x1683ed380>,294.14989103600004,2,0,2.3907000000000007,4.693130729755415,4.867003422645562,True
Cc1cccc(CC2CCN(C(=O)CCl)CC2)c1,MAK-UNK-af83ef51-6,<rdkit.Chem.rdchem.Mol object at 0x1683ed310>,265.12334194,1,0,3.014920000000002,4.831952033482913,5.34738754240837,True
CS(=O)(=O)N1CCc2ccc(CN3CCN(C(=O)CCl)CC3)cc2C1,TAM-UNI-d1c3dd9f-5,<rdkit.Chem.rdchem.Mol object at 0x1683ed2a0>,385.122690308,4,0,0.8873000000000002,4.395931343331664,4.415677575204123,True
O=C(CCl)N1CCN(Cc2cc(Cl)cc(Cl)c2)CC1,PAU-UNI-8cdd41c7-1,<rdkit.Chem.rdchem.Mol object at 0x1683ed230>,320.02499614000004,2,0,2.876400000000001,5.723668205847767,6.322879088914655,True
O=C(CCl)N1CCN(Cc2cc(Cl)ccc2CNC(=O)N2CCOCC2)CC1,STU-CHA-6cae54d3-1,<rdkit.Chem.rdchem.Mol object at 0x1683ed1c0>,428.13819605199996,4,1,1.7648000000000001,5.420773221571178,5.255573549671789,True
O=C(NCc1ccc(Cl)cc1CN1CCN(C(=O)CCl)CC1)[C@@H]1CCCOC1,STU-CHA-7b3b91d5-1,<rdkit.Chem.rdchem.Mol object at 0x1683ed150>,427.142947084,4,1,2.2657999999999996,4.916739725304216,4.69609663867848,True
NS(=O)(=O)c1ccc2c(c1)CN(CC1CCN(C(=O)CCl)CC1)CC2,STU-CHA-83dacf15-1,<rdkit.Chem.rdchem.Mol object at 0x1683ed0e0>,385.12269030799996,4,1,1.1694999999999998,4.709073981733832,4.505293327335102,True
O=C(CCl)N1CCN(C(c2ccccc2)c2ccccc2)CC1,SIM-SYN-f15aaa3a-1,<rdkit.Chem.rdchem.Mol object at 0x1683ed070>,328.13424097200004,2,0,3.1590000000000016,5.704347704073642,6.413596422413756,True
O=C(CCl)N1CCC(c2nc(-c3cccnc3)nc3ccccc23)CC1,WAR-XCH-b0339bbe-19,<rdkit.Chem.rdchem.Mol object at 0x1683ed000>,366.124738908,4,0,3.6366000000000023,4.740520381574143,4.828185191308784,True
Cc1ccc(S(=O)(=O)NC2CCN(C(=O)CCl)CC2)cc1,WAR-XCH-79d12f6e-4,<rdkit.Chem.rdchem.Mol object at 0x1683ecf90>,330.080491148,3,1,1.5031199999999998,4.474423601761343,4.733334289992036,True
Cc1ccc(C)c(S(=O)(=O)N2CCN(C(=O)CCl)CC2)c1,WAR-XCH-79d12f6e-6,<rdkit.Chem.rdchem.Mol object at 0x1683ecf20>,330.080491148,3,0,1.3751400000000003,4.847207755044236,5.789582777567664,True
NS(=O)(=O)CCc1ccccc1CN1CCN(C(=O)CCl)CC1,MIH-UNI-e573136b-5,<rdkit.Chem.rdchem.Mol object at 0x1683eceb0>,359.10704024399996,4,1,0.40059999999999985,5.565907066600676,6.0789738434037766,True
O=C(CCl)N1CCN(Cc2cc(O)ccc2O)CC1,NEH-REV-107bcf72-5,<rdkit.Chem.rdchem.Mol object at 0x1683ece40>,284.092770084,4,2,0.9807999999999999,4.427046466799955,5.032304621079732,True
C=CC(=O)NCC(=O)N(Cc1ccccc1)C[C@H](O)c1cccs1,JUA-UNI-bc099708-1,<rdkit.Chem.rdchem.Mol object at 0x1683ecdd0>,344.11946350000005,4,2,2.1125,4.002176919254275,4.00436480540245,True
C=CC(=O)NCc1ccc(C(=O)NCc2cc(C)cc3c(C)c(C)[nH]c23)cc1,JUA-UNI-bc099708-2,<rdkit.Chem.rdchem.Mol object at 0x1683ecd60>,375.19467704000004,2,3,3.8253600000000025,4.002176919254275,4.00436480540245,True
C=CC(=O)NCC(=O)N(CCN1CCOCC1)Cc1sccc1Br,JUA-UNI-bc099708-3,<rdkit.Chem.rdchem.Mol object at 0x1683eccf0>,415.05652466400005,5,1,1.4736,4.002176919254275,4.00436480540245,True
C=CC(=O)NCc1ccc(C(=O)N[C@H](CO)c2ccc(Br)c(F)c2)cc1,JUA-UNI-bc099708-4,<rdkit.Chem.rdchem.Mol object at 0x1683ecc80>,420.048482756,3,3,2.8538000000000014,4.002176919254275,4.00436480540245,True
C=CC(=O)Nc1cc(C(=O)NC[C@H](Cc2ccccc2)c2ccccn2)ccc1O,JUA-UNI-bc099708-5,<rdkit.Chem.rdchem.Mol object at 0x1683ecc10>,401.173941596,4,3,3.6680000000000033,4.002176919254275,4.00436480540245,True
COc1ccc(C2CC(c3cccs3)=NN2C(=O)CCl)cc1OC,MAT-POS-916a2c5a-1,<rdkit.Chem.rdchem.Mol object at 0x1683ecba0>,364.064841084,5,0,3.6818000000000026,5.726948327918727,6.013779168572213,True
COc1ccccc1OCCNC(=O)c1cc(=O)[nH]c2ccccc12,MAT-POS-916a2c5a-2,<rdkit.Chem.rdchem.Mol object at 0x1683ecb30>,338.126657056,4,2,2.3455000000000004,5.103867754909347,5.460723742137179,True
Cc1cc(C)c(C)c(S(=O)(=O)N2CCN(C(=O)c3cc(=O)[nH]c4ccccc34)CC2)c1C,MAT-POS-916a2c5a-3,<rdkit.Chem.rdchem.Mol object at 0x1683ecac0>,453.172227344,4,1,2.9084800000000017,5.072316705597282,5.425893083727681,True
O=C(c1cc(=O)[nH]c2ccccc12)N1CCN(c2ccccc2)CC1,MAT-POS-916a2c5a-4,<rdkit.Chem.rdchem.Mol object at 0x1683eca50>,333.147726848,3,1,2.490500000000001,4.560274328068208,4.982852994736412,True
CC1CN(Cc2cccc(Cl)c2)CCN1C(=O)CCl,MED-COV-4280ac29-13,<rdkit.Chem.rdchem.Mol object at 0x1683ec890>,300.07961855599996,2,0,2.6115000000000013,5.111634363157571,5.682473929533894,True
O=C(CCl)N1CCN(Cc2cccc(Cl)c2)CC1,MED-COV-4280ac29-15,<rdkit.Chem.rdchem.Mol object at 0x1683ec820>,286.06396849199996,2,0,2.223,5.578477535718885,6.263246359093275,True
O=C(CCl)N1CCN(Cc2cnc(Cc3ccccc3)s2)CC1,MED-COV-4280ac29-25,<rdkit.Chem.rdchem.Mol object at 0x1683ec7b0>,349.10156094,4,0,2.616900000000001,4.526448469015741,4.461292172872575,True
COc1ccc(C2CC(c3ccccc3)=NN2C(=O)CCl)cc1OC,MED-COV-4280ac29-30,<rdkit.Chem.rdchem.Mol object at 0x1683ec740>,358.108420148,4,0,3.620300000000003,6.265522306428043,6.375675186428736,True
O=C(CCl)N1CCN(Cc2cccc3ccccc23)CC1,MED-COV-4280ac29-31,<rdkit.Chem.rdchem.Mol object at 0x1683ec6d0>,302.11859090800004,2,0,2.722800000000001,5.239442374236254,6.0455908771365365,True
COCc1cc(Cl)cc(CN2CCN(C(=O)CCl)CC2)c1,MED-COV-4280ac29-33,<rdkit.Chem.rdchem.Mol object at 0x1683ec660>,330.09018324,3,0,2.3694000000000006,5.321139905808783,5.883257228787284,True
COCCc1ccc(Cl)cc1CN1CCN(C(=O)CCl)CC1,MED-COV-4280ac29-37,<rdkit.Chem.rdchem.Mol object at 0x1683ec5f0>,344.105833304,3,0,2.4119,5.657127681673307,5.6166400668511365,True
O=C(CCl)Nc1cccc(N2CCCC2=O)c1,LON-WEI-8f408cad-1,<rdkit.Chem.rdchem.Mol object at 0x1683ec580>,252.066555336,2,1,1.9907,4.152752175378709,4.00436480540245,True
O=C(CCl)N1CCN(S(=O)(=O)c2c(F)cccc2F)CC1,LON-WEI-8f408cad-2,<rdkit.Chem.rdchem.Mol object at 0x1683ec510>,338.030347396,3,0,1.0365000000000002,5.4831055306525815,5.58116632979757,True
O=C(CCl)N1CCN(S(=O)(=O)c2cccs2)CC1,LON-WEI-8f408cad-3,<rdkit.Chem.rdchem.Mol object at 0x1683ec4a0>,308.00561195600005,4,0,0.8197999999999999,5.664784004926004,6.254500617165025,True
O=C(CCl)N1CCN(S(=O)(=O)c2cccc(F)c2)CC1,LON-WEI-8f408cad-4,<rdkit.Chem.rdchem.Mol object at 0x1683ec430>,320.039769208,3,0,0.8973999999999999,5.415243772032498,5.693883761489537,True
O=C(CCl)N1CCN(Cc2cccs2)CC1,LON-WEI-8f408cad-5,<rdkit.Chem.rdchem.Mol object at 0x1683ec3c0>,258.05936178,3,0,1.6311000000000002,5.206408063031317,5.479335259560511,True
O=C(CCl)N1CCN(Cc2ccsc2)CC1,LON-WEI-8f408cad-7,<rdkit.Chem.rdchem.Mol object at 0x1683ec350>,258.05936178,3,0,1.6311000000000002,5.455209590000138,5.944124117760533,True
C=CC(=O)NCC(=O)N(Cc1ccccc1O)C[C@@H]1CCCO1,JUA-UNI-a9dfaed1-1,<rdkit.Chem.rdchem.Mol object at 0x1683ec2e0>,318.157957184,4,2,1.2019999999999993,4.002176919254275,4.00436480540245,True
C=CC(=O)NCc1ccccc1S(=O)(=O)NC(C)(C)C,JUA-UNI-a9dfaed1-2,<rdkit.Chem.rdchem.Mol object at 0x1683ec270>,296.1194635,3,2,1.5655999999999999,4.002176919254275,4.00436480540245,True
C=CC(=O)NCc1ccccc1S(=O)(=O)NC,JUA-UNI-a9dfaed1-3,<rdkit.Chem.rdchem.Mol object at 0x1683ec200>,254.072513308,3,2,0.3969000000000001,4.002176919254275,4.00436480540245,True
C=CC(=O)NCC(=O)N(Cc1ccccc1)C[C@@]1(O)CN2CCC1CC2,JUA-UNI-a9dfaed1-4,<rdkit.Chem.rdchem.Mol object at 0x1683ec190>,357.205241724,4,2,0.7740999999999996,4.002176919254275,4.00436480540245,True
C=CC(=O)NCCC(=O)N(Cc1ccccc1)Cc1nc2ccccc2c(=O)[nH]1,JUA-UNI-a9dfaed1-5,<rdkit.Chem.rdchem.Mol object at 0x1683ec120>,390.16919056399996,4,2,2.144199999999999,4.002176919254275,4.00436480540245,True
C=CC(=O)N[C@H](Cc1ccccc1)C(=O)NCCN(C)C,JUA-UNI-a9dfaed1-6,<rdkit.Chem.rdchem.Mol object at 0x1683ec0b0>,289.179026976,3,2,0.5777000000000005,4.002176919254275,4.00436480540245,True
C=CC(=O)Nc1ccc(O)c(C(=O)NC[C@@H](O)c2ccc3ccccc3c2)c1,JUA-UNI-a9dfaed1-7,<rdkit.Chem.rdchem.Mol object at 0x1683ec040>,376.14230712,4,4,3.133300000000001,4.002176919254275,4.00436480540245,True
C=CC(=O)N(c1ccc(C(C)(C)C)cc1)C(C(=O)NC)c1cccnc1,LON-WEI-adc59df6-3,<rdkit.Chem.rdchem.Mol object at 0x1683bff40>,351.19467704000004,3,1,3.3854000000000015,4.447227748246275,4.770095513701154,True
C=CC(=O)N(c1ccc(C(C)(C)C)cc1)C(C(=O)NCCCSC)c1cccnc1,LON-WEI-adc59df6-10,<rdkit.Chem.rdchem.Mol object at 0x1683bfed0>,425.21369823200007,4,1,4.508700000000004,4.594003879410815,4.8636306014234005,True
C=CC(=O)N(c1ccc(C(C)(C)C)cc1)C(C(=O)NCCSC)c1cccnc1,LON-WEI-adc59df6-17,<rdkit.Chem.rdchem.Mol object at 0x1683bfe60>,411.19804816800007,4,1,4.118600000000003,4.695467570800558,4.184242839673249,True
C=CC(=O)N(c1ccc(C(C)(C)C)cc1)C(C(=O)NCC)c1cccnc1,LON-WEI-adc59df6-30,<rdkit.Chem.rdchem.Mol object at 0x1683bfd80>,365.21032710400004,3,1,3.7755000000000027,4.342083994664206,4.712398015221228,True
C=CC(=O)N(c1ccc(C(C)(C)C)cc1)C(C(=O)NCc1ccccc1)c1cccnc1,LON-WEI-adc59df6-40,<rdkit.Chem.rdchem.Mol object at 0x1683bfd10>,427.22597716800004,3,1,4.955800000000004,4.477242011898399,4.844213566835672,True
CS(=O)(=O)c1ccc(N2CCNCC2)cc1,AAR-POS-5507155c-1,<rdkit.Chem.rdchem.Mol object at 0x1683bfb50>,240.093248752,4,1,0.49969999999999987,4.002176919254275,4.0768801799058245,True
CCCC(C(=O)Nc1cnccc1C)c1cccc(Cl)c1,JAN-GHE-83b26c96-8,<rdkit.Chem.rdchem.Mol object at 0x1683bfae0>,302.11859090800004,2,1,4.565820000000003,4.761464599883878,5.261269226710546,True
Cc1ccncc1NC(=O)Cc1cccc(Br)c1,JAN-GHE-83b26c96-12,<rdkit.Chem.rdchem.Mol object at 0x1683bfa70>,304.021125136,2,1,3.3337200000000013,4.686260471017583,4.797430603543904,True
Cc1ccncc1NC(=O)C(C)(C)c1cccc(Cl)c1,JAN-GHE-83b26c96-22,<rdkit.Chem.rdchem.Mol object at 0x1683bfa00>,288.10294084400005,2,1,3.9597200000000026,4.013474797912543,4.610429786938468,True
O=C(Cc1cccc(Cl)c1)Nc1cnccc1C1CC1,ALP-POS-95b75b4d-5,<rdkit.Chem.rdchem.Mol object at 0x1683bf990>,286.08729078000005,2,1,3.7936000000000014,5.144260669135889,5.130887195357168,True
Cc1ccncc1NC(=O)Cc1cncc(Cl)c1,TRY-UNI-2eddb1ff-2,<rdkit.Chem.rdchem.Mol object at 0x1683bf920>,261.066889684,3,1,2.6196200000000003,4.333144747626523,4.00436480540245,True
Cc1ccncc1NC(=O)Cc1cc(C#N)cc(OC2CC(=O)N2)c1,TRY-UNI-2eddb1ff-6,<rdkit.Chem.rdchem.Mol object at 0x1683bf8b0>,336.12224037199996,5,2,1.6676999999999997,4.936661326792417,5.063957778881955,True
Cc1ccncc1NC(=O)Cc1cc(Cl)cc(OC2CC(=O)N2)c1,TRY-UNI-2eddb1ff-7,<rdkit.Chem.rdchem.Mol object at 0x1683bf840>,345.088019052,4,2,2.44942,5.440224672921869,6.0265263372546745,True
Cc1ccncc1NC(=O)C(C)c1cc(Cl)cc(OC2CC(=O)N2)c1,TRY-UNI-2eddb1ff-8,<rdkit.Chem.rdchem.Mol object at 0x1683bf7d0>,359.103669116,4,2,3.0104200000000008,4.112749410320368,4.055061902891723,True
Cc1nnn(NC(=O)Cc2cccc(Cl)c2)c1C,JAN-GHE-5a013bed-1,<rdkit.Chem.rdchem.Mol object at 0x1683bf760>,264.077788716,4,1,1.8611399999999996,4.848858077681565,4.134562498814556,True
O=C(Cc1cccc(Cl)c1)Nn1cnc2ccccc21,JAN-GHE-5a013bed-2,<rdkit.Chem.rdchem.Mol object at 0x1683bf6f0>,285.066889684,3,1,3.0025000000000013,5.080740482421092,5.370060803767451,True
O=C(Cc1cccc(Cl)c1)Nn1cnc2ccccc2c1=O,JAN-GHE-5a013bed-3,<rdkit.Chem.rdchem.Mol object at 0x1683bf680>,313.06180430399996,4,1,2.3627000000000002,5.063211684546805,4.00436480540245,True
O=C(Cn1nnc2ccccc21)Nc1cccc(Cl)c1,BEN-DND-61647d40-12,<rdkit.Chem.rdchem.Mol object at 0x1683bf610>,286.062138652,4,1,2.7234000000000007,4.002176919254275,4.531210187738147,True
COc1cnc(C#N)nc1,MAK-UNK-ed378e62-6,<rdkit.Chem.rdchem.Mol object at 0x1683bf5a0>,135.04326178,4,0,0.35687999999999986,4.002176919254275,4.00436480540245,True
O=C(Cc1cccc(Cl)c1)Nc1cccnc1,EDG-MED-0da5ad92-2,<rdkit.Chem.rdchem.Mol object at 0x1683bf530>,246.055990652,2,1,2.916200000000001,4.269885769656957,4.00436480540245,True
Cc1ccncc1NC(=O)N(C)c1cccc(Cl)c1,EDG-MED-0da5ad92-3,<rdkit.Chem.rdchem.Mol object at 0x1683bf4c0>,275.082539748,2,1,3.7117200000000024,4.002176919254275,4.00436480540245,True
Cc1ccncc1NC(=O)C(CO)c1cccc(Cl)c1,EDG-MED-0da5ad92-5,<rdkit.Chem.rdchem.Mol object at 0x1683bf450>,290.0822054,3,2,2.758020000000001,4.002176919254275,4.324966737223271,True
CCCCOc1ccc(Cl)cc1CC(=O)Nc1cnccc1C,EDG-MED-0da5ad92-7,<rdkit.Chem.rdchem.Mol object at 0x1683bf3e0>,332.129155592,3,1,4.403520000000003,4.605856568331593,4.804492592739838,True
Cc1ccnnc1NC(=O)Cc1cccc(Cl)c1,EDG-MED-0da5ad92-15,<rdkit.Chem.rdchem.Mol object at 0x1683bf370>,261.066889684,3,1,2.619620000000001,4.002176919254275,4.00436480540245,True
Cc1cc(N)ncc1NC(=O)Cc1cccc(Cl)c1,EDG-MED-0da5ad92-17,<rdkit.Chem.rdchem.Mol object at 0x1683bf300>,275.082539748,3,2,2.806820000000001,4.002176919254275,4.00436480540245,True
O=C(CCl)N1CCN(Cc2cc(O)cc(Cl)c2)CC1,MAT-POS-2db6411e-2,<rdkit.Chem.rdchem.Mol object at 0x1683bf290>,302.058883112,3,1,1.9286,4.888789622181815,5.804397499038291,True
Cc1ccncc1N1CCC(c2cccc(Cl)c2)C1=O,EDJ-MED-e66f2cc5-1,<rdkit.Chem.rdchem.Mol object at 0x1683bf220>,286.08729078,2,0,3.563920000000002,4.349487009504575,4.889605536803154,True
COc1ccc2c(c1)CN(C(=O)CCl)C(c1ccccc1)C2,NAU-LAT-64f4b287-4,<rdkit.Chem.rdchem.Mol object at 0x1683bf1b0>,315.10260649599996,2,0,3.5600000000000023,5.427232322525127,5.748538819249214,True
Cc1ccncc1NC(=O)Cc1cccc(-c2cn[nH]c2)c1,EDJ-MED-e58735b6-4,<rdkit.Chem.rdchem.Mol object at 0x1683bf140>,292.132411132,3,2,2.9613200000000006,4.274372049653905,4.00436480540245,True
O=C(CCl)N1CCN(S(=O)(=O)C2=CC[SH]=C2)CC1,MAK-UNK-d4768348-1,<rdkit.Chem.rdchem.Mol object at 0x1683bf0d0>,310.02126202000005,3,1,-0.13560000000000016,5.787587761959426,6.314782808408732,True
Cc1ccncc1NC(=O)CCc1cccc(F)c1,BEN-DND-93268d01-6,<rdkit.Chem.rdchem.Mol object at 0x1683bf060>,258.11684132,2,1,3.1004200000000015,4.233185072768176,4.00436480540245,True
CC(=O)N1CCN(CC(=O)Nc2cnccc2C)CC1,BEN-DND-93268d01-8,<rdkit.Chem.rdchem.Mol object at 0x1683beff0>,276.15862588,4,1,0.49261999999999984,6.195249005590129,4.00436480540245,True
Cc1ccncc1NC(=O)CN1CCCCC1,BEN-DND-93268d01-11,<rdkit.Chem.rdchem.Mol object at 0x1683bef80>,233.152812228,3,1,1.81442,4.002176919254275,4.00436480540245,True
O=C(c1cc(=O)[nH]c2ccccc12)N1CCN(Cc2ccccc2)CC1,BEN-DND-7e92b6ca-10,<rdkit.Chem.rdchem.Mol object at 0x1683bef10>,347.163376912,3,1,2.4861000000000004,5.057428039266636,4.726823942665062,True
COc1ccc(N2CCN(C(=O)c3cc(=O)[nH]c4ccccc34)CC2)cc1,BEN-DND-7e92b6ca-11,<rdkit.Chem.rdchem.Mol object at 0x1683beea0>,363.158291532,4,1,2.4991000000000003,4.833455313320813,4.019106251547674,True
COc1cccc(N2CCN(C(=O)c3cc(=O)[nH]c4ccccc34)CC2)c1,BEN-DND-7e92b6ca-12,<rdkit.Chem.rdchem.Mol object at 0x1683bee30>,363.158291532,4,1,2.4991000000000003,5.122074359408076,4.705538880510575,True
O=C(c1cc(=O)[nH]c2ccccc12)N1CCN(c2ccc(F)cc2)CC1,BEN-DND-7e92b6ca-14,<rdkit.Chem.rdchem.Mol object at 0x1683bedc0>,351.13830503599996,3,1,2.629600000000001,4.782447127226373,4.278338349332568,True
Cc1ccncc1CC(=O)Nc1cccc(Cl)c1,EDJ-MED-49816e9b-1,<rdkit.Chem.rdchem.Mol object at 0x1683bece0>,260.071640716,2,1,3.2246200000000016,4.524916138721734,4.579019571813598,True
Cc1ccncc1N1CCC(c2cccc(Cl)c2)S1(=O)=O,EDJ-MED-49816e9b-4,<rdkit.Chem.rdchem.Mol object at 0x1683bec70>,322.0542764,3,0,3.324620000000002,4.070479287704763,4.165930654794915,True
Cc1ccncc1N1CCN(c2cccc(Cl)c2)C1=O,JAG-UCB-cedd89ab-1,<rdkit.Chem.rdchem.Mol object at 0x1683bec00>,287.08253974799993,2,0,3.490020000000002,4.08792087216765,4.00436480540245,True
O=C(Nc1cnccc1CO)[C@@H]1COc2ccc(Cl)cc21,JAG-UCB-a3ef7265-3,<rdkit.Chem.rdchem.Mol object at 0x1683beb90>,304.061469956,4,2,2.3420000000000005,4.373050721371431,4.735466367502776,True
O=C(Nc1nncn1C1CC1)C1CCOc2ccc(Cl)cc21,JAG-UCB-a3ef7265-20,<rdkit.Chem.rdchem.Mol object at 0x1683beab0>,318.0883534,5,1,2.771200000000001,6.21839864131865,4.00436480540245,True
COc1ccccc1OCC(C)NC(=O)c1cc(=O)[nH]c2ccc(F)cc12,MAT-POS-590ac91e-41,<rdkit.Chem.rdchem.Mol object at 0x1683be9d0>,370.132885308,4,2,2.873100000000001,4.784061450128491,4.5610732673579575,True
Cc1ccncc1NC(=O)CN1C(=O)COc2ccc(Cl)cc21,BAR-COM-0f94fc3d-48,<rdkit.Chem.rdchem.Mol object at 0x1683be960>,331.072368988,4,1,2.40752,4.222333026575869,4.40974585142893,True
O=C1C(=O)N(Cc2ccc(Br)cc2)c2ccccc21,LOR-NEU-c8f11034-5,<rdkit.Chem.rdchem.Mol object at 0x1683be8f0>,314.98949066,2,0,3.178600000000001,3.703334809738469,6.1264240210097975,True
N#Cc1cccc(CN2CCN(C(=O)CCl)CC2)c1,MAT-POS-ee51dedd-1,<rdkit.Chem.rdchem.Mol object at 0x1683be880>,277.098189812,3,0,1.4412800000000001,4.705718734658902,4.911997702989909,True
O=C(CCl)N1CCN(S(=O)(=O)c2ccsc2)CC1,MAT-POS-ee51dedd-2,<rdkit.Chem.rdchem.Mol object at 0x1683be810>,308.00561195600005,4,0,0.8197999999999999,5.787587761959426,6.314782808408732,True
COc1ccccc1OCCNC(=O)c1cc(=O)[nH]c2cccc(C)c12,EDJ-MED-6af13d92-1,<rdkit.Chem.rdchem.Mol object at 0x1683be7a0>,352.14230712,4,2,2.653920000000001,4.973833861439257,5.584775592114277,True
COc1ccccc1OCCNC(=O)c1cc(=O)[nH]c2cccc(OC)c12,EDJ-MED-6af13d92-3,<rdkit.Chem.rdchem.Mol object at 0x1683be730>,368.13722174,5,2,2.3541,5.6927355509561925,5.682607887978274,True
O=C1N(Cc2cccc(Cl)c2)CCN1c1nccc2[nH]ncc12,ALP-POS-91609ae9-3,<rdkit.Chem.rdchem.Mol object at 0x1683be6c0>,327.08868774800004,3,1,3.0535000000000005,5.341256723944257,5.536462781561837,True
COc1ccc2nnn(CC(=O)N(Cc3ccccn3)c3ccc(C4CCNCC4)cc3)c2c1,ALP-POS-c0c213c9-1,<rdkit.Chem.rdchem.Mol object at 0x1683be650>,456.22737413600004,7,1,3.535300000000001,4.411460399708347,4.49228181425357,True
O=C(CN(C(=O)Cn1nnc2ccccc21)c1ccc(-c2ccccc2)cc1)N1CCNCC1,ALP-POS-c0c213c9-3,<rdkit.Chem.rdchem.Mol object at 0x1683be5e0>,454.21172407200004,6,1,2.5633,4.002176919254275,4.00436480540245,True
NCc1cn(CC(=O)N(Cc2cscn2)c2ccc(-c3ccccc3)nc2)nn1,ALP-POS-c0c213c9-4,<rdkit.Chem.rdchem.Mol object at 0x1683be570>,405.1371792280001,8,1,2.4887000000000006,4.002176919254275,4.00436480540245,True
NCc1cn(CC(=O)N(CC(=O)N2CCNCC2)c2ccc(-c3ccccc3)cc2)nn1,ALP-POS-c0c213c9-7,<rdkit.Chem.rdchem.Mol object at 0x1683be500>,433.2226231040001,7,2,0.8688000000000007,4.002176919254275,4.00436480540245,True
NCc1cn(CC(=O)N(Cc2ccsc2)c2ccc(-n3cnnc3)cc2)nn1,ALP-POS-c0c213c9-11,<rdkit.Chem.rdchem.Mol object at 0x1683be490>,394.1324281960001,9,1,1.6123999999999994,4.002176919254275,4.00436480540245,True
O=C(Cn1nnc2ccccc21)N(Cc1ccccn1)c1cnc(-c2ccccc2)nc1,ALP-POS-c0c213c9-15,<rdkit.Chem.rdchem.Mol object at 0x1683be420>,421.16510822800007,7,0,3.516700000000002,4.002176919254275,4.00436480540245,True
O=C(Cn1nnc2ccccc21)N(Cc1ccccn1)c1ccc(-n2cnnc2)cc1,ALP-POS-c0c213c9-18,<rdkit.Chem.rdchem.Mol object at 0x1683be3b0>,410.16035719600006,8,0,2.6404000000000005,4.002176919254275,4.00436480540245,True
CCC(=O)Nc1ccc(N(Cc2ccsc2)C(=O)Cn2nnc3ccccc32)cc1,ALP-POS-c59291d4-2,<rdkit.Chem.rdchem.Mol object at 0x1683be340>,419.1415959120001,6,1,4.074700000000003,5.788442421953031,4.900932353149608,True
O=C(Nc1ccc(N(Cc2ccsc2)C(=O)Cn2nnc3ccccc32)cc1)C1CC1,ALP-POS-c59291d4-3,<rdkit.Chem.rdchem.Mol object at 0x1683be2d0>,431.14159591200007,6,1,4.074700000000003,5.398487773968829,4.547397100122097,True
CNc1ccc(N(Cc2ccsc2)C(=O)Cn2nnc3ccccc32)cc1,ALP-POS-c59291d4-4,<rdkit.Chem.rdchem.Mol object at 0x1683be260>,377.13103122800004,6,1,3.7679000000000027,5.363619715052075,4.728695746519753,True
O=C(Oc1cncc(Cl)c1)c1cccc2[nH]ccc12,ALP-POS-c59291d4-5,<rdkit.Chem.rdchem.Mol object at 0x1683be1f0>,272.035255208,3,1,3.435500000000001,7.301029995663982,7.25394396226882,True
Cc1ccc(-n2ncc3c(=O)n(CC(N)=O)cnc32)cc1C,JAG-UCB-ef2c0e8e-4,<rdkit.Chem.rdchem.Mol object at 0x1683be180>,297.12257472000005,6,1,0.6843399999999996,4.002176919254275,4.00436480540245,True
Cc1ccc(NC2=C(c3ccccc3)C(=O)N(Cc3cccnc3)C2=O)cc1C,JAG-UCB-1d922829-1,<rdkit.Chem.rdchem.Mol object at 0x1683be110>,383.163376912,4,1,4.090640000000002,4.002176919254275,4.361350908499002,True
Cc1ccc(NC2=C(c3ccccc3)C(=O)N(Cc3cccnc3)C2=O)c(C)c1,JAG-UCB-1d922829-2,<rdkit.Chem.rdchem.Mol object at 0x1683be0a0>,383.163376912,4,1,4.090640000000001,4.002176919254275,4.262853018855186,True
Cc1ccc(NC2=C(c3ccccc3)C(=O)N(Cc3cccnc3)C2=O)cc1Cl,JAG-UCB-1d922829-3,<rdkit.Chem.rdchem.Mol object at 0x1683be030>,403.10875449599996,4,1,4.435620000000003,4.002176919254275,4.491558694196877,True
CC(=O)N(CC(=O)Nc1ccc(F)c(Cl)c1)c1cccc(Cl)c1,JAG-UCB-1d922829-4,<rdkit.Chem.rdchem.Mol object at 0x1683bdfc0>,354.033811236,2,1,4.124100000000002,4.002176919254275,4.00436480540245,True
CC(=O)N(CC(=O)Nc1ccc(F)c(Cl)c1)c1cccc(C#N)c1,JAG-UCB-1d922829-5,<rdkit.Chem.rdchem.Mol object at 0x1683bdf50>,345.06803255600005,3,1,3.3423800000000012,4.002176919254275,4.00436480540245,True
CC(=O)N(CC(=O)Nc1ccc(F)c(Cl)c1)c1cccc(C(F)(F)F)c1,JAG-UCB-1d922829-6,<rdkit.Chem.rdchem.Mol object at 0x1683bdee0>,388.060168216,2,1,4.489500000000002,4.002176919254275,4.00436480540245,True
C=CC(=O)N(c1ccc(C(F)(F)F)cc1)C(C(=O)NCCc1cccc(F)c1)c1cncc(C#N)c1,LON-WEI-babf2c61-7,<rdkit.Chem.rdchem.Mol object at 0x1683bdc40>,496.15223876000005,4,1,4.730380000000004,4.953671435197963,5.521096932731906,True
C=CC(=O)N(c1ccc(C(F)(F)F)cc1)C(C(=O)NCCc1cccc(F)c1)c1cccnc1,LON-WEI-babf2c61-9,<rdkit.Chem.rdchem.Mol object at 0x1683bdbd0>,471.15698979200005,3,1,4.858700000000004,4.696366272559128,5.213464227803739,True
C=CC(=O)N(c1cc(C(C)(C)C)on1)C(C(=O)NCCc1cccc(F)c1)c1cncc(C#N)c1,LON-WEI-babf2c61-14,<rdkit.Chem.rdchem.Mol object at 0x1683ef3e0>,475.20196791200004,6,1,3.997080000000003,4.002176919254275,4.976689595061735,True
Cc1cc2c(N)nc(=O)n(CC(=O)Nc3cccc(Cl)c3)c2s1,JAG-UCB-77729364-1,<rdkit.Chem.rdchem.Mol object at 0x1683eeab0>,348.04477433600005,6,2,2.64072,4.002176919254275,4.00436480540245,True
O=C(Cc1cccc(Cl)c1)Nc1cn[nH]c1,MIC-UNK-66895286-1,<rdkit.Chem.rdchem.Mol object at 0x1683eea40>,235.05123962,2,2,2.2443,4.002176919254275,4.00436480540245,True
Cc1[nH]ncc1CC(=O)Nc1cccc(Cl)c1,MIC-UNK-66895286-3,<rdkit.Chem.rdchem.Mol object at 0x1683eedc0>,249.066889684,2,2,2.5527200000000008,4.262756523164225,4.00436480540245,True
CN(C)c1ccc(N(Cc2ccsc2)C(=O)Cn2nnc3ccccc32)cc1,ALP-POS-d2866bdf-1,<rdkit.Chem.rdchem.Mol object at 0x1683ee9d0>,391.14668129200004,6,0,3.792200000000003,5.746244193533122,5.270120225906923,True
CS(=O)(=O)c1ncc(Cl)c(C(=O)Nc2ccccc2Cc2ccccc2)n1,LON-WEI-ff7b210a-4,<rdkit.Chem.rdchem.Mol object at 0x1683ee960>,401.060090052,5,1,3.3766000000000016,6.297154329312601,6.08299826539316,True
CCOC(=O)c1nc(S(C)(=O)=O)ncc1Cl,LON-WEI-ff7b210a-5,<rdkit.Chem.rdchem.Mol object at 0x1683ee8f0>,263.997155448,6,0,0.7101999999999999,5.7956130718322445,5.983350113473457,True
O=C(Cc1cccc(Cl)c1)Nc1cccc2[nH]ncc12,VLA-UCB-00f2c2b3-7,<rdkit.Chem.rdchem.Mol object at 0x1683ee880>,285.066889684,2,2,3.397500000000001,4.002176919254275,4.627034448357264,True
O=C(Cc1cncc2ccccc12)Nc1cc(Cl)cc(OC2CCC(=O)N2)c1,ERI-UCB-ce40166b-6,<rdkit.Chem.rdchem.Mol object at 0x1683ee810>,395.103669116,4,2,3.6843000000000012,4.415965255591834,4.7129967003757605,True
O=C1CC(Oc2cc(Cl)cc(OCCNC(=O)c3cc(=O)[nH]c4ccccc34)c2)N1,ERI-UCB-ce40166b-17,<rdkit.Chem.rdchem.Mol object at 0x1683ee7a0>,427.09349835600005,5,3,2.2150999999999996,5.957057313018042,5.92806778946035,True
COc1ccc(Cl)cc1N1C(=O)CN(Cc2cc(=O)[nH]c3ccccc23)C1=O,JAG-UCB-c37fbdcd-2,<rdkit.Chem.rdchem.Mol object at 0x1683ee730>,397.08293367199997,4,1,3.158900000000001,4.002176919254275,4.00436480540245,True
O=C(Cc1cccc(Cl)c1)Nc1cncc2ccccc12,ADA-UCB-6c2cb422-1,<rdkit.Chem.rdchem.Mol object at 0x1683ee6c0>,296.07164071600005,2,1,4.069400000000002,6.137745533257896,5.976040695179852,True
O=C(Nc1nncn1C1CC1)C1CCS(=O)(=O)c2ccccc21,NAU-LAT-8502cac5-8,<rdkit.Chem.rdchem.Mol object at 0x1683ee650>,332.094311372,6,1,1.5127,4.162025541094868,4.571156746622935,True
O=C(Nc1cnccc1CO)C1CCOc2ccc(Cl)cc21,LON-WEI-0a73fcb8-7,<rdkit.Chem.rdchem.Mol object at 0x1683ee5e0>,318.07712002,4,2,2.732100000000001,4.864168358979194,4.178153793038874,True
CN(C)S(=O)(=O)c1cccc(C(=O)Nc2c(-c3ccccc3)nc3sccn23)c1,TAT-ENA-80bfd3e5-1,<rdkit.Chem.rdchem.Mol object at 0x1683ee570>,426.0820324360001,6,1,3.565400000000002,6.011075344333515,4.00436480540245,True
Cc1c(C(=O)CCl)c2ccccn2c1C(=O)c1ccc(F)cc1,TAT-ENA-80bfd3e5-4,<rdkit.Chem.rdchem.Mol object at 0x1683ee500>,329.061884556,3,0,4.039320000000003,6.1431947990680085,6.150894662902452,True
CSC1=C(C#N)C2(CCCCC2)C(C#N)=C(NC(=O)CCl)N1,TAT-ENA-80bfd3e5-7,<rdkit.Chem.rdchem.Mol object at 0x1683bdb60>,336.081159844,5,2,2.72846,5.9045740690730675,5.8174386173423205,True
Cc1cc(C(=O)CCl)c(C)n1CC1COc2ccccc2O1,TAT-ENA-80bfd3e5-32,<rdkit.Chem.rdchem.Mol object at 0x1683bdaf0>,319.09752111599994,4,0,3.3664400000000017,5.550062806408217,5.381637758301185,True
CCN(c1ccccc1)S(=O)(=O)c1ccc(OC)c(NC(=O)CCl)c1,TAT-ENA-80bfd3e5-36,<rdkit.Chem.rdchem.Mol object at 0x1683bda80>,382.075405768,4,1,3.0877000000000017,5.490959011856335,5.157603642239074,True
O=C(Nc1cc(=O)[nH]c2ccccc12)C1CCOc2ccc(Cl)cc21,JAG-UCB-c61058a9-45,<rdkit.Chem.rdchem.Mol object at 0x1683bda10>,354.07712002000005,3,2,3.686300000000003,4.002176919254275,4.318594271505225,True
Cc1ccncc1NC(=O)Cc1cc(Cl)cc(C2COC2)c1,WIL-MOD-03b86a88-2,<rdkit.Chem.rdchem.Mol object at 0x1683bd9a0>,316.097855464,3,1,3.338420000000002,4.719173978532337,4.244862263817556,True
Cc1ccncc1NC(=O)Cc1cc(Cl)cc(OC2COC2)c1,WIL-MOD-03b86a88-4,<rdkit.Chem.rdchem.Mol object at 0x1683bd930>,332.092770084,4,1,3.002220000000001,4.797147907741657,4.8158288891811285,True
Cc1ccncc1NC(=O)Cc1cc(Cl)cc(NS(N)(=O)=O)c1,WIL-MOD-03b86a88-6,<rdkit.Chem.rdchem.Mol object at 0x1683bd8c0>,354.05533902,4,3,1.84002,4.948593105586452,4.839477205112083,True
COc1c(Cl)cccc1OCCNC(=O)c1cc(=O)[nH]c2ccccc12,ALP-POS-3fc1724e-1,<rdkit.Chem.rdchem.Mol object at 0x1683bd850>,372.087684704,4,2,2.998900000000001,5.194593617469808,4.7813717877957425,True
COc1cc(Cl)cc(CC(=O)Nc2cnccc2C)c1,MAT-POS-c9973a83-1,<rdkit.Chem.rdchem.Mol object at 0x1683bd7e0>,290.0822054,3,1,3.233220000000001,4.434361322817992,4.360485576431701,True
O=C1CC(Oc2cc(Cl)cc(CC(=O)Nn3cnc4ccccc43)c2)N1,MAT-POS-c478e61b-1,<rdkit.Chem.rdchem.Mol object at 0x1683bd770>,370.08326802000005,5,2,2.2273,4.085558917134041,4.00436480540245,True
O=C1CC(Oc2cc(Cl)cc(CC(=O)Nn3cnc4ccccc4c3=O)c2)N1,JAN-GHE-74b8b0cb-1,<rdkit.Chem.rdchem.Mol object at 0x1683bd700>,398.07818264,6,2,1.5875,4.002176919254275,4.00436480540245,True
O=C(Cc1cccc(Cl)c1)NC1CCCNC1=O,MIC-UNK-4c7b8ba7-1,<rdkit.Chem.rdchem.Mol object at 0x1683bd690>,266.0822054,2,2,1.2772999999999997,4.002176919254275,4.00436480540245,True
O=C1CC(NC(=O)Cc2cccc(Cl)c2)C(=O)N1,MIC-UNK-fc94cdb5-1,<rdkit.Chem.rdchem.Mol object at 0x1683bd620>,266.045819892,3,2,0.41379999999999956,4.002176919254275,4.00436480540245,True
Cc1ccncc1NC(=O)C(C(=O)c1cc(=O)[nH]c2ccccc12)c1cccc(Cl)c1,ALP-POS-ddb41b15-1,<rdkit.Chem.rdchem.Mol object at 0x1683bd5b0>,431.103669116,4,2,4.490120000000003,4.80134324002516,4.640688022222111,True
CN(C)c1cncc(CN(C(=O)c2cc(=O)[nH]c3ccccc23)c2cccc(Cl)c2)c1,ALP-POS-ddb41b15-3,<rdkit.Chem.rdchem.Mol object at 0x1683bd540>,432.135303592,4,1,4.489500000000003,4.23872806363548,4.00436480540245,True
Cc1ccncc1OCCNC(=O)C(C)(C)c1cccc(Cl)c1,WIL-UNI-2e73223c-4,<rdkit.Chem.rdchem.Mol object at 0x1683bd3f0>,332.129155592,3,1,3.5162200000000015,4.002176919254275,4.00436480540245,True
COc1ccc(Cl)cc1OCCNC(=O)c1cc(=O)[nH]c2ccccc12,ALP-POS-05819dc4-1,<rdkit.Chem.rdchem.Mol object at 0x1683bd380>,372.087684704,4,2,2.998900000000001,4.002176919254275,6.160042367400975,True
C=CC(=O)N(Cc1cccc(Cl)c1)C(C(=O)NCCc1cccc(F)c1)c1cnccc1C,MAT-POS-c0143b99-1,<rdkit.Chem.rdchem.Mol object at 0x1683bd310>,465.16193294000004,3,1,4.797320000000004,4.002176919254275,4.00436480540245,True
CNc1ccc(N(C(=O)Cn2nnc3ccccc32)c2cccc(Cl)c2)cc1,MAT-POS-06036648-5,<rdkit.Chem.rdchem.Mol object at 0x1683bd2a0>,391.119987876,5,1,4.491300000000003,5.272665052060084,4.976349351315584,True
O=C(Cc1cc(Cl)cc(OC2CC(=O)N2)c1)Nc1cncc2ccccc12,ALP-POS-3b848b35-2,<rdkit.Chem.rdchem.Mol object at 0x1683bd1c0>,381.088019052,4,2,3.294200000000001,6.673440265206619,6.803391209069728,True
O=C(Cc1cccc(Cl)c1)Nc1cnccc1-c1ccccc1,ALP-POS-0c2c77e1-1,<rdkit.Chem.rdchem.Mol object at 0x1683bd150>,322.08729078000005,2,1,4.583200000000003,4.388364447908457,4.59974216893563,True
COc1ccc2cncc(NC(=O)Cc3cccc(Cl)c3)c2c1,EDJ-MED-00c1612e-1,<rdkit.Chem.rdchem.Mol object at 0x1683bd0e0>,326.0822054,3,1,4.078000000000003,6.0468202029059555,6.259642154845369,True
O=C(Cc1cccc(Cl)c1)Nc1cnnc2ccccc12,EDJ-MED-50fe53e8-2,<rdkit.Chem.rdchem.Mol object at 0x1683bd070>,297.066889684,3,1,3.4644000000000013,4.002176919254275,4.00436480540245,True
O=C(Cc1cccc(Cl)c1)Nc1ncn2ccccc12,EDJ-MED-50fe53e8-3,<rdkit.Chem.rdchem.Mol object at 0x1683bd000>,285.066889684,3,1,3.1689000000000007,4.002176919254275,4.00436480540245,True
COc1cccc(C2=N/C(=C/c3sccc3C)C(=O)O2)c1,MAT-POS-ea426761-9,<rdkit.Chem.rdchem.Mol object at 0x1683bcf90>,299.061614276,5,0,3.409620000000002,5.931783078689899,5.2948916107852835,True
O=c1oc(Nc2ccccc2)nc2ccccc12,MAT-POS-ea426761-13,<rdkit.Chem.rdchem.Mol object at 0x1683bcf20>,238.07422756,4,1,2.9316000000000013,5.8042838436052975,6.4402939266190256,True
CCCCc1nc(-c2nccn2CC(F)(F)F)c[nH]1,MAT-POS-ea426761-49,<rdkit.Chem.rdchem.Mol object at 0x1683bceb0>,272.12488114,3,1,3.1781000000000015,4.63729051135187,4.00436480540245,True
CCCCc1nc(-c2nccn2CCc2ccccn2)c[nH]1,MAT-POS-ea426761-52,<rdkit.Chem.rdchem.Mol object at 0x1683bce40>,295.17969567200004,4,1,3.2535000000000016,4.662674677961276,4.00436480540245,True
O=C(Cc1cccc(Cl)c1)Nc1cncc2c1CCCC2,EDJ-MED-a364e151-1,<rdkit.Chem.rdchem.Mol object at 0x1683bcdd0>,300.10294084400005,2,1,3.7950000000000017,4.002176919254275,5.734734025239021,True
Cc1ccncc1NC(=O)Cc1cc(Cl)cc(OCc2ncc[nH]2)c1,RAL-THA-6b94ceba-1,<rdkit.Chem.rdchem.Mol object at 0x1683bcd60>,356.1040034640001,4,2,3.526720000000001,4.002176919254275,4.00436480540245,True
Cc1ccncc1NC(=O)Cc1cc(Cl)cc(OCc2ncn[nH]2)c1,RAL-THA-6b94ceba-2,<rdkit.Chem.rdchem.Mol object at 0x1683bccf0>,357.09925243200007,5,2,2.9217200000000005,4.431437435545952,4.0914326918172055,True
CC(=O)NCc1cc(Cl)cc(CC(=O)Nc2cnccc2C)c1,RAL-THA-6b94ceba-5,<rdkit.Chem.rdchem.Mol object at 0x1683bcc80>,331.108754496,3,2,2.8607200000000015,4.383734210948958,4.255542911798444,True
CNC(=O)c1cc(Cl)cc(CC(=O)Nc2cnccc2C)c1,RAL-THA-6b94ceba-7,<rdkit.Chem.rdchem.Mol object at 0x1683bcc10>,317.093104432,3,2,2.584220000000001,4.285842249568411,4.357605532049587,True
Cc1ccncc1NC(=O)Cc1cc(Cl)cc(-c2ncc[nH]2)c1,RAL-THA-6b94ceba-9,<rdkit.Chem.rdchem.Mol object at 0x1683bcba0>,326.09343878000004,3,2,3.614720000000001,4.002176919254275,4.00436480540245,True
Cc1ccncc1NC(=O)Cc1cc(Cl)cc(CNS(C)(=O)=O)c1,RAL-THA-6b94ceba-12,<rdkit.Chem.rdchem.Mol object at 0x1683bcb30>,367.07574011599996,4,2,2.2738199999999997,4.780252865582592,4.491990341335441,True
Cc1ccncc1NC(=O)Cc1cc(Cl)cc(S(N)(=O)=O)c1,RAL-THA-6b94ceba-13,<rdkit.Chem.rdchem.Mol object at 0x1683bcac0>,339.04443998799997,4,2,1.87202,4.835253032114518,4.8829920226263,True
COc1ccc(Cl)cc1CC(=O)Nc1cncc2ccccc12,MAT-POS-3b92565d-1,<rdkit.Chem.rdchem.Mol object at 0x1683bca50>,326.0822054,3,1,4.078000000000002,5.919966966076323,5.870682857486896,True
O=C(Cc1cc(Cl)cc(OC2CC(=O)N2)c1)Nc1cc(=O)[nH]c2ccccc12,MAT-POS-3b92565d-6,<rdkit.Chem.rdchem.Mol object at 0x1683bc9e0>,397.08293367199997,4,3,2.5875000000000004,4.0794539215203445,4.00436480540245,True
O=C1C(c2cccc(Cl)c2)CCCN1c1cncc2ccccc12,PET-UNK-c9c1e0d8-3,<rdkit.Chem.rdchem.Mol object at 0x1683bc970>,336.10294084400005,2,0,4.7988000000000035,5.942523569759623,6.1357058267114795,True
O=C1C(c2cccc(Cl)c2)CCN1c1cncc2ccccc12,PET-UNK-c9c1e0d8-4,<rdkit.Chem.rdchem.Mol object at 0x1683bc900>,322.08729078000005,2,0,4.408700000000003,5.896845659549924,6.062628459290448,True
CCC(=O)Nc1ccc(N(C)C(=O)Cn2nnc3ccccc32)cc1,EDJ-MED-06d94977-1,<rdkit.Chem.rdchem.Mol object at 0x1683bc890>,337.15387484800004,5,1,2.4428,4.002176919254275,4.00436480540245,True
CN(Cc1cccc(Cl)c1)C(=O)Cn1nnc2ccccc21,EDJ-MED-06d94977-2,<rdkit.Chem.rdchem.Mol object at 0x1683bc820>,314.09343878,4,0,2.7433000000000014,4.002176919254275,4.00436480540245,True
O=C(Cc1cccc(Cl)c1)Nc1cncc2c1OCCC2,EDJ-MED-976da9a6-1,<rdkit.Chem.rdchem.Mol object at 0x1683bc7b0>,302.0822054,3,1,3.241200000000001,4.919126955169324,5.006305745097036,True
Cn1cncc1NC(=O)Cc1cccc(Cl)c1,PET-UNK-8df914d1-4,<rdkit.Chem.rdchem.Mol object at 0x1683bc6d0>,249.066889684,3,1,2.2546999999999997,4.027408767344558,4.00436480540245,True
CC1CCNC(=O)C1NC(=O)Cc1cccc(Cl)c1,MAT-POS-0bc33984-1,<rdkit.Chem.rdchem.Mol object at 0x1683bc660>,280.097855464,2,2,1.5232999999999999,4.3593765612032715,4.00436480540245,True
CC1(NC(=O)Cc2cccc(Cl)c2)CCNC1=O,MAT-POS-0bc33984-2,<rdkit.Chem.rdchem.Mol object at 0x1683bc5f0>,266.0822054,2,2,1.2772999999999997,4.002176919254275,4.00436480540245,True
O=C(Cc1cccc(Cl)c1)Nc1cncc2ncccc12,MIC-UNK-08cd9c58-1,<rdkit.Chem.rdchem.Mol object at 0x1683bc580>,297.066889684,3,1,3.4644000000000013,4.173197487653821,4.237118890427688,True
COc1cc(OC)nc(C#N)n1,AAR-RCN-748c104b-1,<rdkit.Chem.rdchem.Mol object at 0x1683bc510>,165.053826464,5,0,0.36547999999999997,4.002176919254275,4.00436480540245,True
C=CC(=O)N(Cc1ccccc1Cl)C(C(=O)NC(C)(C)C)c1cccnc1,NIR-WEI-f9286bb6-2,<rdkit.Chem.rdchem.Mol object at 0x1683bc4a0>,385.155704688,3,1,3.9056000000000024,4.002176919254275,4.00436480540245,True
C=CC(=O)N(Cc1ccccc1Cl)C(C(=O)NC)c1cccnc1,NIR-WEI-f9286bb6-3,<rdkit.Chem.rdchem.Mol object at 0x1683bc430>,343.108754496,3,1,2.736900000000001,4.002176919254275,4.00436480540245,True
O=C(Cc1cccc(Cl)c1)NC1C(=O)Nc2ccccc21,VLA-UCB-1dbca3b4-1,<rdkit.Chem.rdchem.Mol object at 0x1683bc2e0>,300.066555336,2,2,2.692100000000001,4.002176919254275,4.00436480540245,True
O=C(Nc1cncc2ccccc12)C1CCOc2ccc(Cl)cc21,VLA-UCB-1dbca3b4-15,<rdkit.Chem.rdchem.Mol object at 0x1683bc270>,338.0822054,3,1,4.393000000000003,6.444321282034558,6.372675503264042,True
Cc1cc2c(cc1C)C(C(=O)N1CCCCC1c1cn[nH]c1)CO2,MAT-POS-6da3605a-1,<rdkit.Chem.rdchem.Mol object at 0x1683bc190>,325.179026976,3,1,3.2563400000000016,4.002176919254275,4.00436480540245,True
OC(Cc1cccc(Cl)c1)Cn1cncn1,MAT-POS-6da3605a-2,<rdkit.Chem.rdchem.Mol object at 0x1683bc120>,237.066889684,4,1,1.5350999999999997,4.1850511662879,4.00436480540245,True
O=C(Cc1cccc(Cl)c1)Nc1cncc2cnccc12,MAT-POS-bb423b95-1,<rdkit.Chem.rdchem.Mol object at 0x1683bc0b0>,297.066889684,3,1,3.4644000000000013,5.100088807034922,5.430751257697263,True
O=C(Cc1cccc(Cl)c1)Nc1cncc2cccnc12,MAT-POS-bb423b95-2,<rdkit.Chem.rdchem.Mol object at 0x1683bc040>,297.06688968400005,3,1,3.4644000000000013,5.153740062638656,5.206261772405187,True
CC(C)c1ccncc1NC(=O)Cc1cccc(Cl)c1,MAT-POS-bb423b95-5,<rdkit.Chem.rdchem.Mol object at 0x1683af450>,288.10294084400005,2,1,4.039600000000003,4.709765265232964,4.578772256053196,True
CN(C(=O)Cc1cccc(Cl)c1)c1cncc2ccccc12,MAT-POS-bb423b95-7,<rdkit.Chem.rdchem.Mol object at 0x1683aff40>,310.08729078000005,2,0,4.093700000000003,4.46384260107756,4.317011124311331,True
O=C(Cc1cccc(Cl)c1)Nc1cncc2c(Cl)cccc12,MAT-POS-bb423b95-9,<rdkit.Chem.rdchem.Mol object at 0x1683afed0>,330.03266836399996,2,1,4.722800000000002,4.002176919254275,4.00436480540245,True
N#Cc1ncc(Br)cn1,AAR-RCN-98de6bc7-1,<rdkit.Chem.rdchem.Mol object at 0x1683afe60>,182.943209164,3,0,1.1107799999999999,4.002176919254275,4.00436480540245,True
N#Cc1nccn1CCc1cccc(Cl)c1,AAR-RCN-28a8122f-1,<rdkit.Chem.rdchem.Mol object at 0x1683afdf0>,231.056325,3,0,2.650880000000001,4.002176919254275,4.00436480540245,True
Cc1cc(C)nc(C#N)n1,AAR-RCN-8752a6eb-1,<rdkit.Chem.rdchem.Mol object at 0x1683afd80>,133.063997224,3,0,0.96512,4.002176919254275,4.00436480540245,True
N#Cc1ncc(F)cn1,AAR-RCN-ec065b93-1,<rdkit.Chem.rdchem.Mol object at 0x1683afd10>,123.023275284,3,0,0.48738,4.002176919254275,4.00436480540245,True
N#Cc1ncc(Cl)cn1,AAR-RCN-934be69e-1,<rdkit.Chem.rdchem.Mol object at 0x1683afca0>,138.993724744,3,0,1.00168,4.002176919254275,4.00436480540245,True
N#Cc1nccc(Cl)n1,AAR-RCN-37d0aa00-1,<rdkit.Chem.rdchem.Mol object at 0x1683afc30>,138.993724744,3,0,1.00168,4.002176919254275,4.00436480540245,True
CC1(C)OB(c2cnc(C#N)nc2)OC1(C)C,AAR-RCN-67438d21-1,<rdkit.Chem.rdchem.Mol object at 0x1683afbc0>,231.117907088,5,0,0.6474799999999998,4.002176919254275,4.00436480540245,True
CC(Cn1ccnc1C#N)c1cccc(Cl)c1,AAR-RCN-78cf61f7-1,<rdkit.Chem.rdchem.Mol object at 0x1683afb50>,245.071975064,3,0,3.2118800000000016,4.002176919254275,4.00436480540245,True
N#Cc1nccn1CCCc1cccc(Cl)c1,AAR-RCN-845f9611-1,<rdkit.Chem.rdchem.Mol object at 0x1683afae0>,245.071975064,3,0,3.040980000000001,4.002176919254275,4.00436480540245,True
C[n+]1ccn(CCCc2cccc(Cl)c2)c1C#N,AAR-RCN-dbf5c5ee-1,<rdkit.Chem.rdchem.Mol object at 0x1683afa70>,260.09490158009,2,0,2.4704800000000002,4.002176919254275,4.00436480540245,True
Cn1nc(-c2ccc(C(F)(F)F)cc2)nc2c(=O)n(C)c(=O)nc1-2,MAT-POS-1e0c1c67-1,<rdkit.Chem.rdchem.Mol object at 0x1683afa00>,337.07865922,7,0,1.0595999999999997,5.619679753538135,4.00436480540245,True
OCCn1c(CSc2nc3ccccc3o2)nc2ccc(Cl)cc21,MAT-POS-e10a589d-1,<rdkit.Chem.rdchem.Mol object at 0x1683af990>,359.049525368,6,1,4.115500000000003,6.485847436193368,4.00436480540245,True
N#Cc1ncn(CC(=O)Nc2ccc(Br)cc2Cl)n1,MAT-POS-e10a589d-4,<rdkit.Chem.rdchem.Mol object at 0x1683af920>,338.95224962400005,5,1,2.2043799999999996,4.803246521850655,5.542259475397204,True
Cn1cc(NC(=O)Cc2cccc(Cl)c2)c2ccccc2c1=O,MAT-POS-4211dce8-1,<rdkit.Chem.rdchem.Mol object at 0x1683af8b0>,326.0822054,3,1,3.3731000000000018,4.002176919254275,4.00436480540245,True
O=C(COc1cccc(Cl)c1)Nc1cncc2ccccc12,ALP-POS-f13221e1-2,<rdkit.Chem.rdchem.Mol object at 0x1683af840>,312.066555336,3,1,3.9057000000000013,4.951850837575928,5.220673103902851,True
O=C(CCc1cccc(Cl)c1)Nc1cncc2ccccc12,ALP-POS-f13221e1-3,<rdkit.Chem.rdchem.Mol object at 0x1683af7d0>,310.08729078000005,2,1,4.459500000000003,4.6820740510329095,4.713924706117682,True
Cc1ccncc1NC(=O)CCc1cccc(Cl)c1,ALP-POS-f13221e1-4,<rdkit.Chem.rdchem.Mol object at 0x1683af760>,274.08729078000005,2,1,3.614720000000002,4.002176919254275,4.00436480540245,True
COc1cc(OC)[n+](C)c(C#N)n1,AAR-RCN-390aeb1f-1,<rdkit.Chem.rdchem.Mol object at 0x1683af6f0>,180.07675298009,4,0,-0.20501999999999998,4.002176919254275,4.00436480540245,True
Cc1cc(C)[n+](C)c(C#N)n1,AAR-RCN-9f0de475-1,<rdkit.Chem.rdchem.Mol object at 0x1683af680>,148.08692374009,2,0,0.39461999999999997,4.002176919254275,4.00436480540245,True
Cc1ccncc1NC(=O)Cc1cc(Cl)cc(NC2CCCC2O)c1,MAT-POS-044491d2-1,<rdkit.Chem.rdchem.Mol object at 0x1683af610>,359.14005462399996,4,3,3.549920000000002,4.705478668133529,4.410542721903445,True
Cc1ccncc1NC(=O)Cc1cc(Cl)cc(NC2CCC(F)(F)C2O)c1,MAT-POS-044491d2-2,<rdkit.Chem.rdchem.Mol object at 0x1683af5a0>,395.12121099999996,4,3,3.7951200000000016,4.637672657401406,4.589977018908519,True
Cc1ccncc1NC(=O)Cc1cc(Cl)cc(NC2CC2C(F)(F)F)c1,MAT-POS-044491d2-3,<rdkit.Chem.rdchem.Mol object at 0x1683af530>,383.101224504,3,2,4.587320000000003,4.596597654174831,4.704991313739416,True
Cc1ccncc1NC(=O)Cc1cc(Cl)cc(NCC(C)(C)C#N)c1,MAT-POS-044491d2-7,<rdkit.Chem.rdchem.Mol object at 0x1683af3e0>,356.14038897200004,4,2,4.186300000000003,4.437329627523391,4.483094575842344,True
Cc1ccncc1NC(=O)Cc1cc(Cl)cc(-c2ccc(S(C)(=O)=O)cc2Cl)c1,MAT-POS-f42f3716-2,<rdkit.Chem.rdchem.Mol object at 0x1683af300>,448.041518796,4,1,4.948520000000003,4.002176919254275,4.708898217411158,True
COC(=O)c1ccc(-c2cc(Cl)cc(CC(=O)Nc3cnccc3C)c2)c(OC)c1,MAT-POS-f42f3716-3,<rdkit.Chem.rdchem.Mol object at 0x1683af220>,424.118984832,5,1,4.6868200000000035,4.879498623801418,4.921252318836002,True
Cc1ccncc1NC(=O)Cc1cc(Cl)cc(-c2cnn(C)c2C(F)F)c1,MAT-POS-f42f3716-7,<rdkit.Chem.rdchem.Mol object at 0x1683aef80>,390.1058952840001,4,1,4.562720000000002,4.715165642405267,4.795760136439951,True
CCOC(=O)c1cc(-c2cc(Cl)cc(CC(=O)Nc3cnccc3C)c2)n[nH]1,MAT-POS-f42f3716-9,<rdkit.Chem.rdchem.Mol object at 0x1683aeea0>,398.1145681480001,5,2,3.7914200000000013,4.002176919254275,4.00436480540245,True
CN(C)c1ccc(N(Cc2ccccc2)C(=O)Cn2nnc3ccccc32)cc1,ALP-POS-6d04362c-1,<rdkit.Chem.rdchem.Mol object at 0x1683aee30>,385.190260356,5,0,3.7307000000000032,5.296427897078598,5.805481416394078,True
CN(C)c1ccc(N(Cc2cccc(Cl)c2)C(=O)Cn2nnc3ccccc32)cc1,ALP-POS-6d04362c-2,<rdkit.Chem.rdchem.Mol object at 0x1683aedc0>,419.1512880040001,5,0,4.384100000000004,6.3038546550504915,6.407277708588773,True
O=C(Cn1nnc2ccccc21)N(Cc1ccsc1)c1ccc(N2CCCCC2)cc1,ALP-POS-6d04362c-3,<rdkit.Chem.rdchem.Mol object at 0x1683aed50>,431.17798142000004,6,0,4.716500000000004,5.183005982781509,5.201516015057222,True
O=C(Cn1nnc2ccccc21)N(Cc1ccsc1)c1ccc(N2CCOCC2)cc1,ALP-POS-6d04362c-4,<rdkit.Chem.rdchem.Mol object at 0x1683aece0>,433.157245976,7,0,3.562800000000002,4.934686385365301,4.671264859635021,True
O=C(Cn1nnc2ccccc21)N(Cc1ccccc1)c1ccc(N2CCOCC2)cc1,ALP-POS-6d04362c-5,<rdkit.Chem.rdchem.Mol object at 0x1683aec70>,427.20082504000004,6,0,3.5013000000000023,4.7041899468977535,4.74071527397012,True
O=C(Nc1cncc2ccccc12)C1COc2ccc(Cl)cc21,MAT-POS-f7918075-2,<rdkit.Chem.rdchem.Mol object at 0x1683aeb20>,324.066555336,3,1,4.002900000000003,6.116827726365058,6.293232286103101,True
O=C(Cc1cccc(Cl)c1)Nc1cncc2ccncc12,MAT-POS-f7918075-5,<rdkit.Chem.rdchem.Mol object at 0x1683aeab0>,297.066889684,3,1,3.4644000000000013,5.3692403188471225,5.671518296488241,True
O=C(Cc1cccc(Cl)c1)Nc1cncc2nc[nH]c12,MAT-POS-f7918075-8,<rdkit.Chem.rdchem.Mol object at 0x1683aea40>,286.06213865200004,3,2,2.7924999999999995,4.877427702642313,5.098708820720124,True
COC(=O)C(C(=O)Nc1cnccc1C)c1cccc(Cl)c1,MAT-POS-1e5f28a7-1,<rdkit.Chem.rdchem.Mol object at 0x1683ae9d0>,318.07712002,4,1,2.938720000000001,4.625026410135872,4.767222439458899,True
CC(=O)N1CCN(CC(=O)Nc2cncc3ccccc23)CC1,ALP-POS-6747fa38-1,<rdkit.Chem.rdchem.Mol object at 0x1683ae960>,312.15862588,4,1,1.3374,4.12162161047953,4.139373643263035,True
CCC(=O)Nc1ccc(N(Cc2ccccc2)C(=O)Nn2nnc3ccccc32)cc1,ALP-POS-a3de0cb1-1,<rdkit.Chem.rdchem.Mol object at 0x1683ae8f0>,414.18042394400004,5,2,4.150100000000003,5.445027959768625,5.428653261926488,True
COc1ccc(C(Cc2ccsc2)C(=O)Nc2n[nH]c3ccccc23)cc1,ALP-POS-a3de0cb1-3,<rdkit.Chem.rdchem.Mol object at 0x1683ae880>,377.119797848,4,2,4.5980000000000025,4.002176919254275,4.00436480540245,True
Cc1ccc(C(Cc2ccccc2)C(=O)Nc2nnn3ccccc23)cc1,ALP-POS-a3de0cb1-6,<rdkit.Chem.rdchem.Mol object at 0x1683ae810>,356.16371126,4,1,4.002720000000002,4.002176919254275,4.00436480540245,True
CN(C)c1ccc(C(Cc2ccsc2)C(=O)Nn2cnc3ccccc32)cc1,ALP-POS-a3de0cb1-7,<rdkit.Chem.rdchem.Mol object at 0x1683ae7a0>,390.151432324,5,1,4.260400000000003,4.002176919254275,4.00436480540245,True
CN(C)c1ccc(C(Cc2ccsc2)C(=O)Nc2nnc3ccccn23)cc1,ALP-POS-a3de0cb1-10,<rdkit.Chem.rdchem.Mol object at 0x1683ae730>,391.1466812920001,6,1,3.8218000000000023,4.002176919254275,4.00436480540245,True
O=C(Nn1cnc2ccccc21)C(Cc1cccc(Cl)c1)c1ccc(N2CCOCC2)cc1,ALP-POS-a3de0cb1-12,<rdkit.Chem.rdchem.Mol object at 0x1683ae6c0>,460.16660372,5,1,4.622900000000003,4.002176919254275,4.00436480540245,True
O=C(Nn1nnc2ccccc21)C(Cc1cccc(Cl)c1)c1ccc(N2CCCCC2=O)cc1,ALP-POS-a3de0cb1-13,<rdkit.Chem.rdchem.Mol object at 0x1683ae650>,473.16185268799995,5,1,4.6982000000000035,4.29310747846286,4.087118228799178,True
COc1ccc(C(Cc2cnn(C)c2)C(=O)Nc2c[nH]c3ccccc23)cc1,ALP-POS-a3de0cb1-14,<rdkit.Chem.rdchem.Mol object at 0x1683ae5e0>,374.174275944,4,2,3.8750000000000018,4.002176919254275,4.00436480540245,True
COc1ccc(N(Cc2ccccc2)C(=O)Cc2c[nH]c3ccccc23)cc1,ALP-POS-a3de0cb1-15,<rdkit.Chem.rdchem.Mol object at 0x1683ae570>,370.168127944,2,1,4.9524000000000035,4.002176919254275,4.00436480540245,True
O=C1OC(c2cccs2)=N/C1=C\c1ccc(N2CCOCC2)s1,MAT-POS-fa06b69f-6,<rdkit.Chem.rdchem.Mol object at 0x1683ae500>,346.04458430799997,7,0,2.9907000000000012,6.157588912719705,6.151085495867649,True
CN(C)c1ccc(N(Cc2cscn2)C(=O)Cn2nnc3ccccc32)cc1,ALP-POS-87c86d55-1,<rdkit.Chem.rdchem.Mol object at 0x1683ae490>,392.14193026000004,7,0,3.1872000000000016,5.314107942769227,4.844755742421664,True
CCC(=O)Nc1ccc(N(Cc2cscn2)C(=O)Cn2nnc3ccccc32)cc1,ALP-POS-87c86d55-2,<rdkit.Chem.rdchem.Mol object at 0x1683ae420>,420.13684488000007,7,1,3.4697000000000022,4.602750758111789,4.336511900350155,True
Cc1noc(COc2cc(Cl)cc(CC(=O)Nc3cnccc3C)c2)n1,CHO-MSK-6e55470f-5,<rdkit.Chem.rdchem.Mol object at 0x1683ae3b0>,372.09891808400005,6,1,3.4950400000000013,4.621156546691786,4.615137179217594,True
CN(C)c1ccc(N(Cc2ccn[nH]2)C(=O)Cn2nnc3ccccc32)cc1,PET-UNK-7374c256-2,<rdkit.Chem.rdchem.Mol object at 0x1683ae0a0>,375.180758292,6,1,2.4538,4.79761804486861,4.042117127849492,True
O=S(=O)(Cc1ccccc1F)c1oc(-c2ccc(F)cc2)nc1S(=O)(=O)c1ccccc1,LON-WEI-4d77710c-2,<rdkit.Chem.rdchem.Mol object at 0x1683ae030>,475.03597102,6,0,4.426500000000003,6.400680933381963,7.003436885303342,True
CCOC(=O)c1c(C)n(S(C)(=O)=O)c2ccc(N(C(=O)c3ccco3)S(C)(=O)=O)cc12,LON-WEI-4d77710c-8,<rdkit.Chem.rdchem.Mol object at 0x1683adfc0>,468.0661075999999,9,0,2.13352,6.550145842255967,6.832079056723995,True
O=C(NCc1ccc2c(c1)OCO2)c1nc(S(=O)(=O)Cc2ccccc2)ncc1Cl,LON-WEI-4d77710c-10,<rdkit.Chem.rdchem.Mol object at 0x1683adf50>,445.049919292,7,1,2.762600000000001,5.854794951296018,6.293150304146544,True
COC(=O)c1c(C)n(S(C)(=O)=O)c2ccc(N(C(=O)c3ccco3)S(C)(=O)=O)cc12,LON-WEI-4d77710c-11,<rdkit.Chem.rdchem.Mol object at 0x1683adee0>,454.0504575359999,9,0,1.7434200000000004,6.029222826981949,6.475508320578276,True
O=C(O)[C@@H](c1ccccc1)N1Cc2ccccc2C1=O,LON-WEI-4d77710c-19,<rdkit.Chem.rdchem.Mol object at 0x1683ade70>,267.08954327600003,2,1,2.4683,5.7494827678178755,5.936822013666742,True
N#Cc1ccc(CN2CCC(C3CCNC3)CC2)cc1,LON-WEI-4d77710c-32,<rdkit.Chem.rdchem.Mol object at 0x1683add90>,269.189197736,3,1,2.3797800000000002,5.6864508818417905,5.866264310613596,True
CC(CCc1ccco1)NC(=O)Nc1cn(C)c(=O)c2ccccc12,LON-WEI-4d77710c-39,<rdkit.Chem.rdchem.Mol object at 0x1683add20>,339.158291532,4,2,3.274300000000001,4.351819987508246,4.00436480540245,True
Cc1noc(C)c1CCNC(=O)Nc1cn(CC(C)C)c(=O)c2ccccc12,LON-WEI-4d77710c-51,<rdkit.Chem.rdchem.Mol object at 0x1683adcb0>,382.20049069199996,5,2,3.626540000000002,4.5581773417155524,4.00436480540245,True
CC(C)(C)c1ccc(-c2nnc(Sc3cnc([N+](=O)[O-])s3)o2)cc1,LON-WEI-4d77710c-65,<rdkit.Chem.rdchem.Mol object at 0x1683adb60>,362.05073230799997,8,0,4.550000000000003,5.31583451007812,6.784606035386424,True
COC(=O)c1c(C)nn(C(=O)c2cccs2)c1-c1snnc1C,LON-WEI-4d77710c-66,<rdkit.Chem.rdchem.Mol object at 0x1683adaf0>,348.035082244,9,0,2.555040000000001,5.242581775603691,6.2825625717866105,True
O=[N+]([O-])c1cnc(Sc2nnc(-c3ccc(Cl)cc3)o2)s1,LON-WEI-4d77710c-67,<rdkit.Chem.rdchem.Mol object at 0x1683ada80>,339.9491597,8,0,3.9059,6.05511940152955,6.49611840987547,True
N#Cc1cnn(C(=O)c2cccs2)c1C1CC1,LON-WEI-4d77710c-70,<rdkit.Chem.rdchem.Mol object at 0x1683ad9a0>,243.046632908,5,0,2.38218,5.489768787136359,6.439879187707379,True
Cc1cc(C)c(C#N)c(Sc2ncnc3c2nnn3Cc2ccccc2)n1,LON-WEI-4d77710c-73,<rdkit.Chem.rdchem.Mol object at 0x1683ad930>,373.11096448000006,8,0,3.3043200000000015,6.187533869276133,6.592770109187532,True
CCOC(=O)c1ccc(NC(=O)CC2SC(=O)N(c3ccccc3)C2=O)cc1,LON-WEI-4d77710c-74,<rdkit.Chem.rdchem.Mol object at 0x1683ad8c0>,398.09364267599994,6,1,3.4605000000000015,5.619932776268162,6.197281863245418,True
Cc1ccccc1NC(=O)CC1SC(=O)N(c2ccccc2)C1=O,LON-WEI-4d77710c-75,<rdkit.Chem.rdchem.Mol object at 0x1683ad850>,340.088163372,4,1,3.592220000000002,6.353421279404233,6.181698954034348,True
c1ccc(-c2cc(Sc3nnc(-c4cccs4)o3)n3ncnc3n2)cc1,LON-WEI-4d77710c-76,<rdkit.Chem.rdchem.Mol object at 0x1683ad7e0>,378.03575094000007,9,0,4.054000000000002,6.655151526664295,6.816778331182628,True
CC(C)C[C@H](NC(=O)OCc1ccccc1)C(=O)N[C@@H](CC1CCNC1=O)C(O)S(=O)(=O)O,JOH-MSK-46727e7b-1,<rdkit.Chem.rdchem.Mol object at 0x1683ad770>,485.1831859519999,7,5,0.544700000000002,7.290915869368035,7.587378985240788,True
CC(C)(C)c1ccc(N(C(=O)c2c[nH]cn2)C(C(=O)NCCc2cccc(F)c2)c2cccnc2)cc1,MAT-POS-f2460aef-3,<rdkit.Chem.rdchem.Mol object at 0x1683ad620>,499.23835342,4,2,4.988300000000004,6.53503472083821,5.978989195374378,True
CC(C)(C)c1ccc(N(C(=O)c2cn[nH]c2)C(C(=O)NCCc2cccc(F)c2)c2cccnc2)cc1,MAT-POS-f2460aef-5,<rdkit.Chem.rdchem.Mol object at 0x1683ad540>,499.23835342,4,2,4.988300000000004,5.234327331486147,5.315559791426226,True
O=C(Cc1cccc(Cl)c1)Nn1nnc2ccccc21,MAT-POS-bfb445d4-2,<rdkit.Chem.rdchem.Mol object at 0x1683ad4d0>,286.062138652,4,1,2.3975,5.236390510989273,4.508035828081344,True
O=C(Nc1cncc2ccccc12)[C@@H]1CCOc2ccc(Cl)cc21,MAT-POS-b3e365b9-1,<rdkit.Chem.rdchem.Mol object at 0x1683ad460>,338.0822054,3,1,4.393000000000003,6.6790392189517105,6.609919523652195,True
O=C(Nc1cncc2ccccc12)[C@H]1CCOc2ccc(Cl)cc21,MAT-POS-b3e365b9-2,<rdkit.Chem.rdchem.Mol object at 0x1683ad3f0>,338.0822054,3,1,4.393000000000003,4.302770657240282,4.230664778148157,True
Cc1ccncc1NC(=O)[C@H]1CCOc2ccc(Cl)cc21,MAT-POS-b3e365b9-3,<rdkit.Chem.rdchem.Mol object at 0x1683ad380>,302.0822054,3,1,3.5482200000000015,5.305721441737643,5.1952348217879125,True
Cc1ccncc1NC(=O)[C@@H]1CCOc2ccc(Cl)cc21,MAT-POS-b3e365b9-4,<rdkit.Chem.rdchem.Mol object at 0x1683ad310>,302.0822054,3,1,3.5482200000000015,4.002176919254275,4.00436480540245,True
O=C(Cc1cc(Cl)cc2c1OCC2)Nc1cncc2ccccc12,MAT-POS-bbbbc21a-3,<rdkit.Chem.rdchem.Mol object at 0x1683ad2a0>,338.0822054,3,1,4.004300000000002,5.825267907116042,6.308123035180177,True
O=C(Nc1cncc2ccccc12)C1CCOc2ccc(Br)cc21,MAT-POS-11b63608-1,<rdkit.Chem.rdchem.Mol object at 0x1683ad230>,382.03168982000005,3,1,4.502100000000003,6.070120003238752,5.840790983742266,True
C[C@@H]1C[C@@H](C(=O)Nc2cncc3ccccc23)c2cc(Cl)ccc2O1,EDJ-MED-e4b030d8-2,<rdkit.Chem.rdchem.Mol object at 0x1683ad1c0>,352.097855464,3,1,4.781500000000004,6.635821047871126,6.280908792436888,True
C[C@H]1C[C@@H](C(=O)Nc2cncc3ccccc23)c2cc(Cl)ccc2O1,EDJ-MED-e4b030d8-3,<rdkit.Chem.rdchem.Mol object at 0x1683ad150>,352.097855464,3,1,4.781500000000004,4.6973085871357085,4.34291284317595,True
COc1cc(Cl)cc2c1OCC[C@H]2C(=O)Nc1cncc2ccccc12,EDJ-MED-e4b030d8-7,<rdkit.Chem.rdchem.Mol object at 0x1683ad0e0>,368.09277008400005,4,1,4.401600000000003,4.002176919254275,4.00436480540245,True
C[C@H]1COc2ccc(Cl)cc2[C@@H]1C(=O)Nc1cncc2ccccc12,EDJ-MED-e4b030d8-11,<rdkit.Chem.rdchem.Mol object at 0x1683ad000>,352.097855464,3,1,4.639000000000003,6.80484362854774,6.7855827679906655,True
O=C(Nc1cncc2ccccc12)[C@@H]1COc2ccc(Cl)cc2C1,EDJ-MED-e4b030d8-12,<rdkit.Chem.rdchem.Mol object at 0x1683acf90>,338.0822054,3,1,4.078000000000003,4.002176919254275,5.449032080706777,True
C[C@@]1(C(=O)Nc2cncc3ccccc23)CCOc2ccc(Cl)cc21,EDJ-MED-e4b030d8-13,<rdkit.Chem.rdchem.Mol object at 0x1683acf20>,352.097855464,3,1,4.5671000000000035,6.547253541425726,7.041953123008294,True
O=C(Nc1cncc2ccccc12)C1CCCc2ccc(Cl)cc21,ALP-POS-477dc5b7-1,<rdkit.Chem.rdchem.Mol object at 0x1683aceb0>,336.102940844,2,1,4.946800000000003,6.48962612979658,6.538362057717195,True
O=C(Nc1cncc2ccccc12)C1CCNc2ccc(Cl)cc21,ALP-POS-477dc5b7-2,<rdkit.Chem.rdchem.Mol object at 0x1683ace40>,337.098189812,3,2,4.426100000000003,6.587108118053763,6.142424209065255,True
CNC(=O)Nc1ccc(N(Cc2ccsc2)C(=O)Cn2nnc3ccccc32)cc1,ROB-IMP-e811baff-1,<rdkit.Chem.rdchem.Mol object at 0x1683accf0>,420.13684488000007,6,2,3.477500000000002,5.847580282535809,4.814535457212972,True
O=C(Cc1cccc(Cl)n1)Nc1cncc2ccccc12,MAT-POS-afd4d4fd-2,<rdkit.Chem.rdchem.Mol object at 0x1683acc80>,297.066889684,3,1,3.4644000000000013,4.390935197452365,4.00436480540245,True
O=C(Cc1cccc(Cl)c1)Nc1cncc2c1CCCN2,MAT-POS-14ad9fe9-1,<rdkit.Chem.rdchem.Mol object at 0x1683acc10>,301.09818981200004,3,2,3.274300000000001,5.138347525509095,5.393671602141451,True
C[C@]1(C(=O)Nc2cncc3ccccc23)CCOc2ccc(Cl)cc21,MAT-POS-8e4737f4-1,<rdkit.Chem.rdchem.Mol object at 0x1683acba0>,352.097855464,3,1,4.5671000000000035,4.7100035500066895,4.620219175631921,True
O=C(Nc1cncc2ccccc12)[C@H]1COc2ccc(Cl)cc2C1,MAT-POS-8e4737f4-2,<rdkit.Chem.rdchem.Mol object at 0x1683acb30>,338.0822054,3,1,4.078000000000003,4.002176919254275,4.423419081020101,True
O=C(Cc1cc(Cl)cc(Cc2ccn[nH]2)c1)Nc1cncc2ccccc12,PET-UNK-372a2f82-1,<rdkit.Chem.rdchem.Mol object at 0x1683acac0>,376.10908884400004,3,2,4.383300000000002,5.297501640567202,5.027287539669257,True
O=C(Cc1cc(Cl)ccn1)Nc1cncc2ccccc12,PET-UNK-3c72d439-1,<rdkit.Chem.rdchem.Mol object at 0x1683aca50>,297.066889684,3,1,3.4644000000000013,5.468870159905655,4.9438314403893475,True
C=CC(=O)N(C(=O)[C@H]1CCOc2ccc(Cl)cc21)c1cncc2ccccc12,VLA-UCB-05e51b3f-10,<rdkit.Chem.rdchem.Mol object at 0x1683ac970>,392.09277008400005,4,0,4.500100000000002,5.839512440186085,5.821650682171223,True
O=C(c1cc(=O)[nH]c2ccccc12)N1CCN(c2cccc(Cl)c2)CC1,ERI-UCB-a0b0dbcb-2,<rdkit.Chem.rdchem.Mol object at 0x1683ac900>,367.10875449599996,3,1,3.143900000000002,5.664730871533555,5.6596518218154745,True
O=C(c1cc(=O)[nH]c2ccccc12)N1CCN(c2cccc(C(F)(F)F)c2)CC1,ERI-UCB-a0b0dbcb-4,<rdkit.Chem.rdchem.Mol object at 0x1683ac890>,401.13511147599996,3,1,3.5093000000000023,5.420248463562113,5.248222597054557,True
COc1ccccc1OC1CCN(C(=O)c2cc(=O)[nH]c3ccccc23)C1,ERI-UCB-a0b0dbcb-6,<rdkit.Chem.rdchem.Mol object at 0x1683ac820>,364.14230712,4,1,2.8302000000000014,4.002176919254275,4.00436480540245,True
COc1ccccc1NC1CN(C(=O)c2cc(=O)[nH]c3ccccc23)C1,ERI-UCB-a0b0dbcb-8,<rdkit.Chem.rdchem.Mol object at 0x1683ac7b0>,349.142641468,4,2,2.4732000000000003,4.002176919254275,4.00436480540245,True
COc1ccccc1OC1CN(C(=O)c2cc(=O)[nH]c3ccccc23)C1,ERI-UCB-a0b0dbcb-9,<rdkit.Chem.rdchem.Mol object at 0x1683ac740>,350.126657056,4,1,2.4401,4.002176919254275,4.00436480540245,True
COc1cccc(CN2CCN(C(=O)c3cc(=O)[nH]c4ccccc34)CC2)c1,ERI-UCB-a0b0dbcb-11,<rdkit.Chem.rdchem.Mol object at 0x1683ac6d0>,377.173941596,4,1,2.494700000000001,4.5632189422480645,4.00436480540245,True
COc1ccccc1OCCNC(=O)c1cncc2ccccc12,MAR-UCB-f313ec4d-2,<rdkit.Chem.rdchem.Mol object at 0x1683ac660>,322.131742436,4,1,3.052200000000001,5.489280164066033,5.23802115193884,True
COc1ccccc1OCCC(=O)Nc1cncc2ccccc12,MAR-UCB-f313ec4d-3,<rdkit.Chem.rdchem.Mol object at 0x1683ac5f0>,322.131742436,4,1,3.6510000000000016,4.015347704783855,4.068485730130442,True
COc1ccccc1NCCNC(=O)c1cc(=O)[nH]c2ccccc12,MAR-UCB-f313ec4d-4,<rdkit.Chem.rdchem.Mol object at 0x1683ac580>,337.142641468,4,3,2.3785999999999996,4.002176919254275,4.00436480540245,True
O=C(c1cncc2ccccc12)N1CCN(c2ccccc2)CC1,MAR-UCB-f313ec4d-6,<rdkit.Chem.rdchem.Mol object at 0x1683ac510>,317.152812228,3,0,3.1972000000000023,5.263953971607232,5.139440632232985,True
O=C(NC1N=Nc2ccccc21)C1CCOc2ccc(Cl)cc21,DAR-DIA-6a508060-7,<rdkit.Chem.rdchem.Mol object at 0x1683ac4a0>,327.077454368,4,1,4.118400000000003,4.002176919254275,4.00436480540245,True
O=C(Nc1cncc2ccccc12)C1CCN(Cc2cnc[nH]2)c2ccc(Cl)cc21,ALP-UNI-b33a865d-1,<rdkit.Chem.rdchem.Mol object at 0x1683ac430>,417.13563794000004,4,2,4.743900000000004,5.95204978862522,5.810293741061341,True
C[C@@H]1C[C@H](C(=O)Nc2cncc3ccccc23)c2cc(Cl)ccc2O1,MAT-POS-8a69d52e-2,<rdkit.Chem.rdchem.Mol object at 0x1683ac3c0>,352.097855464,3,1,4.781500000000004,6.167944948849918,5.575924787432819,True
C[C@H]1C[C@H](C(=O)Nc2cncc3ccccc23)c2cc(Cl)ccc2O1,MAT-POS-8a69d52e-3,<rdkit.Chem.rdchem.Mol object at 0x1683ac350>,352.097855464,3,1,4.781500000000004,4.283407302366713,4.00436480540245,True
C[C@H]1COc2ccc(Cl)cc2[C@H]1C(=O)Nc1cncc2ccccc12,MAT-POS-8a69d52e-5,<rdkit.Chem.rdchem.Mol object at 0x1683ac2e0>,352.097855464,3,1,4.639000000000003,4.002176919254275,4.099252500969047,True
C[C@@H]1COc2ccc(Cl)cc2[C@H]1C(=O)Nc1cncc2ccccc12,MAT-POS-8a69d52e-6,<rdkit.Chem.rdchem.Mol object at 0x1683ac270>,352.097855464,3,1,4.639000000000003,4.002176919254275,4.4543668883683925,True
C[C@@H]1COc2ccc(Cl)cc2[C@@H]1C(=O)Nc1cncc2ccccc12,MAT-POS-8a69d52e-7,<rdkit.Chem.rdchem.Mol object at 0x1683a7d80>,352.097855464,3,1,4.639000000000003,5.766118871197221,5.737617902822808,True
O=C(Cc1cc(Cl)cc(CC2CC(=O)N2)c1)Nc1cncc2ccccc12,EDJ-MED-50011917-1,<rdkit.Chem.rdchem.Mol object at 0x1683a7d10>,379.108754496,3,2,3.5004000000000017,5.340363785564969,5.354497181077199,True
C=CC(=O)N(C(=O)[C@@H]1CCOc2ccc(Cl)cc21)c1cncc2ccccc12,VLA-UCB-50c39ae8-7,<rdkit.Chem.rdchem.Mol object at 0x1683a7ca0>,392.09277008400005,4,0,4.500100000000002,6.0819673803949375,6.125525131805192,True
Cn1cc(CN(C(=O)Cn2nnc3ccccc32)c2ccc(N3CCCCC3)cc2)cn1,ALP-POS-7c842ab8-1,<rdkit.Chem.rdchem.Mol object at 0x1683a7c30>,429.22770848400006,7,0,3.3885000000000014,4.002176919254275,4.00436480540245,True
O=C(Cc1cc(Cl)ccc1F)Nc1cncc2ccccc12,PET-UNK-dd44aeb6-1,<rdkit.Chem.rdchem.Mol object at 0x1683a7bc0>,314.062218904,2,1,4.208500000000002,6.150707294645409,6.119187686570903,True
O=C(Cc1cc(Cl)ccc1Cl)Nc1cncc2ccccc12,PET-UNK-dd44aeb6-2,<rdkit.Chem.rdchem.Mol object at 0x1683a7b50>,330.03266836399996,2,1,4.722800000000003,5.991285937200417,6.059721810983705,True
O=C(Nc1cc[nH]c(=O)c1)C1CCOc2ccc(Cl)cc21,BEN-DND-b89db3f2-2,<rdkit.Chem.rdchem.Mol object at 0x1683a7ae0>,304.061469956,3,2,2.533100000000001,4.002176919254275,4.00436480540245,True
O=C(Nc1[nH]nc2cccc(F)c12)C1CCOc2ccc(Cl)cc21,JAG-UCB-52b62a6f-5,<rdkit.Chem.rdchem.Mol object at 0x1683a7a70>,345.068032556,3,2,3.8602000000000016,4.002176919254275,4.00436480540245,True
O=C(Nc1[nH]nc2ccccc12)C1CCOc2ccc(Cl)cc21,JAG-UCB-52b62a6f-6,<rdkit.Chem.rdchem.Mol object at 0x1683a7a00>,327.077454368,3,2,3.7211000000000016,4.002176919254275,4.00436480540245,True
O=C(Nc1[nH]nc2cccnc12)C1CCOc2ccc(Cl)cc21,JAG-UCB-52b62a6f-7,<rdkit.Chem.rdchem.Mol object at 0x1683a7990>,328.072703336,4,2,3.116100000000001,4.002176919254275,4.00436480540245,True
COc1ccc2c(NC(=O)C3CCOc4ccc(Cl)cc43)noc2c1,JAG-UCB-52b62a6f-10,<rdkit.Chem.rdchem.Mol object at 0x1683a7920>,358.07203464,5,1,3.994600000000003,4.211109391765376,4.272355575070836,True
Cc1ccn2cnnc2c1NC(=O)C1CCOc2ccc(Cl)cc21,JAG-UCB-52b62a6f-11,<rdkit.Chem.rdchem.Mol object at 0x1683a78b0>,342.0883534,5,1,3.195920000000001,4.002176919254275,4.00436480540245,True
COc1ccc2c(NC(=O)C3CCOc4ccc(Cl)cc43)[nH]nc2c1,JAG-UCB-52b62a6f-12,<rdkit.Chem.rdchem.Mol object at 0x1683a7840>,357.08801905200005,4,2,3.729700000000002,4.002176919254275,4.00436480540245,True
O=C(Nc1cccc2cn[nH]c12)C1CCOc2ccc(Cl)cc21,JAG-UCB-52b62a6f-13,<rdkit.Chem.rdchem.Mol object at 0x1683a77d0>,327.077454368,3,2,3.7211000000000025,4.002176919254275,4.00436480540245,True
O=C(Nc1n[nH]c2ccnc(Br)c12)C1CCOc2ccc(Cl)cc21,JAG-UCB-52b62a6f-15,<rdkit.Chem.rdchem.Mol object at 0x1683a7760>,405.98321540399996,4,2,3.8786000000000014,4.002176919254275,4.129755046904615,True
O=C(Nc1n[nH]c2ccccc12)C1CCOc2ccc(Cl)cc21,JAG-UCB-52b62a6f-17,<rdkit.Chem.rdchem.Mol object at 0x1683a76f0>,327.077454368,3,2,3.7211000000000016,4.002176919254275,4.00436480540245,True
Cc1cc(C(F)(F)F)nc2n[nH]c(NC(=O)C3CCOc4ccc(Cl)cc43)c12,JAG-UCB-52b62a6f-19,<rdkit.Chem.rdchem.Mol object at 0x1683a7680>,410.075738028,4,2,4.443320000000002,4.585400259307255,4.008381381616053,True
COc1ccc2c(NC(=O)Cc3cccc(Cl)c3)noc2c1,EDJ-MED-c8e7a002-1,<rdkit.Chem.rdchem.Mol object at 0x1683a7610>,316.061469956,4,1,3.671000000000002,4.002176919254275,4.00436480540245,True
COc1ccc2n[nH]c(NC(=O)Cc3cccc(Cl)c3)c2c1,EDJ-MED-c8e7a002-2,<rdkit.Chem.rdchem.Mol object at 0x1683a75a0>,315.077454368,3,2,3.4061000000000012,4.002176919254275,4.00436480540245,True
COc1ccc2c(NC(=O)Cc3cccc(Cl)c3)[nH]nc2c1,EDJ-MED-c8e7a002-3,<rdkit.Chem.rdchem.Mol object at 0x1683a7530>,315.077454368,3,2,3.4061000000000003,4.002176919254275,4.283584294375222,True
Cc1ccn2cnnc2c1NC(=O)Cc1cccc(Cl)c1,EDJ-MED-c8e7a002-4,<rdkit.Chem.rdchem.Mol object at 0x1683a74c0>,300.077788716,4,1,2.872320000000001,4.123450896351622,4.078947840500814,True
Cc1cc(C(F)(F)F)nc2n[nH]c(NC(=O)Cc3cccc(Cl)c3)c12,EDJ-MED-c8e7a002-5,<rdkit.Chem.rdchem.Mol object at 0x1683a7450>,368.065173344,3,2,4.119720000000002,4.002176919254275,4.086303022564132,True
Cc1nn(C)c2[nH]nc(NC(=O)Cc3cccc(Cl)c3)c12,EDJ-MED-c8e7a002-6,<rdkit.Chem.rdchem.Mol object at 0x1683a73e0>,303.088687748,4,2,2.43942,4.002176919254275,4.00436480540245,True
O=C(Cc1cccc(Cl)c1)Nc1n[nH]c2ccc(F)cc12,EDJ-MED-c8e7a002-9,<rdkit.Chem.rdchem.Mol object at 0x1683a7370>,303.057467872,2,2,3.536600000000001,4.002176919254275,4.052644643155996,True
O=C(Cc1cccc(Cl)c1)Nc1[nH]nc2cc(F)ccc12,EDJ-MED-c8e7a002-10,<rdkit.Chem.rdchem.Mol object at 0x1683a7300>,303.057467872,2,2,3.5366000000000017,4.002176919254275,4.038632452965352,True
O=C(Cc1cccc(Cl)c1)Nc1n[nH]c2ccccc12,EDJ-MED-c8e7a002-11,<rdkit.Chem.rdchem.Mol object at 0x1683a7290>,285.066889684,2,2,3.397500000000001,4.002176919254275,4.00436480540245,True
O=C(Cc1cccc(Cl)c1)Nc1cccc2cn[nH]c12,EDJ-MED-c8e7a002-12,<rdkit.Chem.rdchem.Mol object at 0x1683a7220>,285.066889684,2,2,3.397500000000001,4.002176919254275,4.00436480540245,True
O=C(Cc1cccc(Cl)c1)Nc1[nH]nc2cccc(F)c12,EDJ-MED-c8e7a002-13,<rdkit.Chem.rdchem.Mol object at 0x1683a71b0>,303.057467872,2,2,3.5366000000000017,4.002176919254275,4.087478795662057,True
O=C(Cc1cccc(Cl)c1)Nc1[nH]nc2cccnc12,EDJ-MED-c8e7a002-14,<rdkit.Chem.rdchem.Mol object at 0x1683a7140>,286.06213865200004,3,2,2.7924999999999995,4.002176919254275,4.00436480540245,True
O=C(Cc1cccc(Cl)c1)Nc1n[nH]c2ccnc(Br)c12,EDJ-MED-c8e7a002-15,<rdkit.Chem.rdchem.Mol object at 0x1683a70d0>,363.97265072,3,2,3.5550000000000015,4.002176919254275,4.00436480540245,True
O=C(Cc1cccc(Cl)c1)Nc1n[nH]c2ccncc12,EDJ-MED-c8e7a002-16,<rdkit.Chem.rdchem.Mol object at 0x1683a7060>,286.062138652,3,2,2.7925000000000004,4.002176919254275,4.00436480540245,True
O=C(Cc1cccc(Cl)c1)Nc1nnc2ccccn12,PET-UNK-e44ffd04-1,<rdkit.Chem.rdchem.Mol object at 0x1683a6ff0>,286.06213865200004,4,1,2.5639000000000003,4.002176919254275,4.0275095316394,True
O=C(Nc1cncc2ccccc12)C1COc2c(Cl)cccc21,FRA-DIA-c7e803f4-1,<rdkit.Chem.rdchem.Mol object at 0x1683a6f80>,324.066555336,3,1,4.002900000000002,5.322621602936326,5.2708891084817235,True
O=C(Cc1cccc(Cl)c1)Nc1cncc2c1CCC2,MAT-POS-199e2e7c-1,<rdkit.Chem.rdchem.Mol object at 0x1683a6f10>,286.08729078000005,2,1,3.4049000000000014,5.287063051864074,5.332648406822616,True
CN(C)CCCN(Cc1cccs1)C(=O)Cc1cncc2ccccc12,ALP-POS-64a710fa-2,<rdkit.Chem.rdchem.Mol object at 0x1683a6e30>,367.17183342000004,4,0,3.819300000000003,4.002176919254275,4.00436480540245,True
Cc1ccc(N(Cc2cccc(Cl)c2)C(=O)Cn2nnc3ccccc32)cc1,CHO-MSK-00c5269a-1,<rdkit.Chem.rdchem.Mol object at 0x1683a6dc0>,390.12473890800004,4,0,4.626520000000004,5.631847334883403,5.481184925708271,True
COc1ccc(N(Cc2cccc(Cl)c2)C(=O)Cn2nnc3ccccc32)cc1,CHO-MSK-00c5269a-2,<rdkit.Chem.rdchem.Mol object at 0x1683a6d50>,406.1196535280001,5,0,4.326700000000003,5.943948623389911,5.247639340241784,True
O=C(Cn1nnc2ccccc21)N(Cc1cccc(Cl)c1)c1ccc(N2CCOCC2)cc1,CHO-MSK-00c5269a-4,<rdkit.Chem.rdchem.Mol object at 0x1683a6ce0>,461.16185268799995,6,0,4.154700000000003,5.43168760521487,5.4216935438298375,True
CN1CCC(C(=O)Nc2cncc3ccccc23)c2cc(Cl)ccc21,MIC-UNK-91acba05-6,<rdkit.Chem.rdchem.Mol object at 0x1683a6c00>,351.113839876,3,1,4.450400000000004,6.353618774423339,6.243987564470551,True
Cc1nc(CN2C(=O)C(=O)c3cc(Br)ccc32)cs1,LOR-NOR-c954e7ad-1,<rdkit.Chem.rdchem.Mol object at 0x1683a6b90>,335.9568106280001,4,0,2.9435200000000012,4.002176919254275,4.744142147175997,True
CCCCN1C(=O)C(=O)c2cc(Br)cc(C)c21,LOR-NOR-c954e7ad-2,<rdkit.Chem.rdchem.Mol object at 0x1683a6b20>,295.020790788,2,0,3.086920000000002,4.002176919254275,4.2399334407059275,True
CC(C)CCN1C(=O)C(=O)c2cc(Br)ccc21,LOR-NOR-c954e7ad-3,<rdkit.Chem.rdchem.Mol object at 0x1683a6ab0>,295.020790788,2,0,3.0245000000000015,4.002176919254275,4.61477637101973,True
CCc1ccc2c(c1)C(=O)C(=O)N2CC(=O)O,LOR-NOR-c954e7ad-4,<rdkit.Chem.rdchem.Mol object at 0x1683a6a40>,233.068807832,3,1,0.8628999999999998,4.002176919254275,4.00436480540245,True
O=C(O)CN1C(=O)C(=O)c2cc([N+](=O)[O-])ccc21,LOR-NOR-c954e7ad-5,<rdkit.Chem.rdchem.Mol object at 0x1683a69d0>,250.022585912,5,1,0.2086999999999996,4.002176919254275,4.00436480540245,True
O=C1C(=O)N(Cc2ccccc2)c2ccc([N+](=O)[O-])cc21,LOR-NOR-c954e7ad-6,<rdkit.Chem.rdchem.Mol object at 0x1683a6960>,282.0640568,4,0,2.3243,4.002176919254275,4.570127960213542,True
COc1ccc2c(N)nn(C(=O)Cc3cccc(Cl)c3)c2c1,MAT-POS-53907a1c-1,<rdkit.Chem.rdchem.Mol object at 0x1683a68f0>,315.077454368,5,1,3.163400000000001,4.002176919254275,4.00436480540245,True
O=C(Nc1cncc2ccccc12)C1=CCCc2ccc(Cl)cc21,MAT-POS-0c8fa4a7-1,<rdkit.Chem.rdchem.Mol object at 0x1683a67a0>,334.08729078,2,1,4.856500000000003,6.6321462142887535,7.091154627560337,True
COc1ccc2c(c1)c(N)nn2C(=O)Cc1cccc(Cl)c1,MAT-POS-0c8fa4a7-2,<rdkit.Chem.rdchem.Mol object at 0x1683a6730>,315.077454368,5,1,3.163400000000001,4.002176919254275,4.00436480540245,True
Nc1nn(C(=O)Cc2cccc(Cl)c2)c2ccccc12,MAT-POS-0c8fa4a7-3,<rdkit.Chem.rdchem.Mol object at 0x1683a66c0>,285.066889684,4,1,3.1548000000000016,4.002176919254275,4.00436480540245,True
Nc1nn(C(=O)Cc2cccc(Cl)c2)c2cccc(F)c12,MAT-POS-0c8fa4a7-4,<rdkit.Chem.rdchem.Mol object at 0x1683a6650>,303.057467872,4,1,3.2939000000000016,4.002176919254275,4.278635807031864,True
Nc1nn(C(=O)Cc2cccc(Cl)c2)c2ccc(F)cc12,ALP-POS-cd485364-1,<rdkit.Chem.rdchem.Mol object at 0x1683a6570>,303.057467872,4,1,3.2939000000000016,4.002176919254275,4.025943491890401,True
Nc1cncc2c1CCCN2C(=O)Cc1cccc(Cl)c1,ALP-POS-cd485364-2,<rdkit.Chem.rdchem.Mol object at 0x1683a6500>,301.098189812,3,1,2.839100000000001,4.475369606306027,4.265788713005075,True
Nc1nn(C(=O)C2CCOc3ccc(Cl)cc32)c2cc(F)ccc12,ALP-POS-e2fddb0f-2,<rdkit.Chem.rdchem.Mol object at 0x1683a6490>,345.06803255600005,5,1,3.6175000000000024,4.002176919254275,4.2736674130451835,True
Nc1nn(C(=O)Cc2cccc(Cl)c2)c2cc(F)ccc12,ALP-POS-902f21bb-1,<rdkit.Chem.rdchem.Mol object at 0x1683a6420>,303.057467872,4,1,3.2939000000000016,4.002176919254275,4.00436480540245,True
Nc1nn(C(=O)C2CCOc3ccc(Cl)cc32)c2ccncc12,ALP-POS-902f21bb-2,<rdkit.Chem.rdchem.Mol object at 0x1683a63b0>,328.0727033360001,6,1,2.873400000000001,4.0596305581420795,4.021164616879571,True
Cc1cc(C(F)(F)F)nc2c1c(N)nn2C(=O)Cc1cccc(Cl)c1,ALP-POS-79636100-3,<rdkit.Chem.rdchem.Mol object at 0x1683a62d0>,368.065173344,5,1,3.8770200000000017,4.002176919254275,4.00436480540245,True
Cc1cc(C(F)(F)F)nc2c1c(N)nn2C(=O)C1CCOc2ccc(Cl)cc21,ALP-POS-6495d03e-6,<rdkit.Chem.rdchem.Mol object at 0x1683a6260>,410.075738028,6,1,4.2006200000000025,4.002176919254275,4.238177481385393,True
Nc1nn(C(=O)Cc2cccc(Cl)c2)c2cccnc12,ALP-POS-6495d03e-7,<rdkit.Chem.rdchem.Mol object at 0x1683a61f0>,286.06213865200004,5,1,2.5498000000000003,4.002176919254275,4.00436480540245,True
CO[C@@]1(C(=O)Nc2cncc3ccccc23)CCOc2ccc(Cl)cc21,PET-UNK-29afea89-2,<rdkit.Chem.rdchem.Mol object at 0x1683a6180>,368.09277008400005,4,1,4.151100000000003,7.0755497829065686,6.75929899967806,True
O=C(c1cc(=O)[nH]c2ccccc12)N1CCN(c2cccc(Cl)c2)C(=O)C1,ERI-UCB-d6de1f3c-1,<rdkit.Chem.rdchem.Mol object at 0x1683a6110>,381.08801905199994,3,1,2.6705000000000005,4.800759716821416,5.017128706073548,True
O=C(c1cncc2ccccc12)N1CCN(c2cccc(Cl)c2)C(=O)C1,ERI-UCB-d6de1f3c-2,<rdkit.Chem.rdchem.Mol object at 0x1683a60a0>,365.09310443199996,3,0,3.377200000000002,5.036684776375073,5.257066277461032,True
O=C1CC(C(=O)Nc2cncc3ccccc23)c2cc(Br)ccc2N1,MAT-POS-8d5af1ef-1,<rdkit.Chem.rdchem.Mol object at 0x1683a6030>,395.02693878800005,3,2,4.0618000000000025,5.9496675336830025,5.9500094875249685,True
O=C(Nc1c[nH]c(=O)c2ccccc12)C1CCOc2ccc(Cl)cc21,JOH-UNI-f51e3bbc-1,<rdkit.Chem.rdchem.Mol object at 0x1683a5fc0>,354.07712002000005,3,2,3.686300000000003,4.002176919254275,4.077156608561131,True
O=C(Nc1cncc2ccccc12)C1CCOc2c(O)ccc(Cl)c21,ALP-UNI-4b8a177c-1,<rdkit.Chem.rdchem.Mol object at 0x1683a5f50>,354.07712002000005,4,2,4.098600000000002,4.002176919254275,4.00436480540245,True
O=C(Cc1cncc2ccccc12)Nc1cccc(Cl)c1,PET-UNK-8922bd3c-1,<rdkit.Chem.rdchem.Mol object at 0x1683a5ee0>,296.07164071600005,2,1,4.069400000000003,5.189044844477333,5.142611368808867,True
CCC(=O)Nc1ccc(N(Cc2ccccc2)C(=O)n2nnc3ccccc32)cc1,ALP-POS-a1bdc92a-1,<rdkit.Chem.rdchem.Mol object at 0x1683a5e70>,399.16952491200004,5,1,4.454700000000003,4.002176919254275,4.00436480540245,True
Cc1ccc(N(Cc2cscn2)C(=O)Cc2cncc3ccccc23)cc1,ALP-POS-c3a96089-1,<rdkit.Chem.rdchem.Mol object at 0x1683a5e00>,373.124883228,4,0,4.7756200000000035,5.092123142753341,4.865229628740243,True
O=C(Nc1cncc2ccccc12)C1CNCc2ccc(Cl)cc21,BEN-DND-f2e727cd-5,<rdkit.Chem.rdchem.Mol object at 0x1683a5d20>,337.098189812,3,2,3.713700000000002,5.709210248956156,5.553587595492212,True
CS(=O)(=O)c1ccc2cncc(NC(=O)C3CCOc4ccc(Cl)cc43)c2c1,BEN-DND-c852c98b-5,<rdkit.Chem.rdchem.Mol object at 0x1683a5cb0>,416.059755704,5,1,3.7965000000000027,6.015954685347037,5.790722034717206,True
O=C(Cc1cncc2ccccc12)N1CCOc2ccc(Cl)cc21,JOH-UNI-ea1df7a8-1,<rdkit.Chem.rdchem.Mol object at 0x1683a5c40>,338.0822054,3,0,3.8563000000000027,5.218441908425789,5.437021604364403,True
CC(=O)N1CCC(C(=O)Nc2cncc3ccccc23)c2cc(Cl)ccc21,ALP-POS-966f8da6-2,<rdkit.Chem.rdchem.Mol object at 0x1683a5bd0>,379.10875449599996,3,1,4.367100000000003,6.028563179552119,6.05582459473048,True
COc1ccc(Cl)cc1OCCNC(=O)c1cc(=O)[nH]c2cccc(OC)c12,MAT-POS-3b536971-1,<rdkit.Chem.rdchem.Mol object at 0x1683a5b60>,402.098249388,5,2,3.0075000000000003,6.058527142975371,6.72118817338359,True
COc1cccc2[nH]c(=O)cc(C(=O)N3CCN(c4cccc(Cl)c4)CC3)c12,MAT-POS-3b536971-2,<rdkit.Chem.rdchem.Mol object at 0x1683a5af0>,397.11931918,4,1,3.1525000000000016,5.329356433975202,5.734114781690975,True
O=C(c1cncc2ccccc12)N1CCN(c2cccc(Cl)c2)CC1,MAT-POS-54c4bf04-3,<rdkit.Chem.rdchem.Mol object at 0x1683a5a80>,351.113839876,3,0,3.8506000000000036,5.794639285799026,6.079235265781225,True
CC1CN(C(=O)c2cc(=O)[nH]c3ccccc23)CCN1c1cccc(Cl)c1,MAT-POS-54c4bf04-4,<rdkit.Chem.rdchem.Mol object at 0x1683a5a10>,381.12440455999996,3,1,3.5324000000000026,4.83137346988079,4.00436480540245,True
NC(=O)N1CCC(C(=O)Nc2cncc3ccccc23)c2cc(Cl)ccc21,RAL-THA-4aa06b95-1,<rdkit.Chem.rdchem.Mol object at 0x1683a59a0>,380.104003464,3,2,3.899300000000002,6.0007081655396775,6.175895314157422,True
COCCN1CCC(C(=O)Nc2cncc3ccccc23)c2cc(Cl)ccc21,RAL-THA-4aa06b95-7,<rdkit.Chem.rdchem.Mol object at 0x1683a5930>,395.14005462399996,4,1,4.467000000000003,6.248865521539321,6.00530282000282,True
O=C(Nc1cncc2ccccc12)C1CCN(Cc2ncc[nH]2)c2ccc(Cl)cc21,RAL-THA-8416115c-5,<rdkit.Chem.rdchem.Mol object at 0x1683a5850>,417.13563794000004,4,2,4.743900000000004,6.107839498083473,5.916303723550953,True
O=C(Nc1cncc2ccccc12)C1CCN(Cc2ccn[nH]2)c2ccc(Cl)cc21,RAL-THA-8416115c-6,<rdkit.Chem.rdchem.Mol object at 0x1683a57e0>,417.13563794000004,4,2,4.743900000000004,6.095219583781295,6.018710603395909,True
O=C(Nc1cncc2ccccc12)C1CCN(Cc2ncn[nH]2)c2ccc(Cl)cc21,RAL-THA-8416115c-13,<rdkit.Chem.rdchem.Mol object at 0x1683a5770>,418.1308869080001,5,2,4.138900000000003,5.852709742271443,5.952301740835347,True
O=C1CC(C(=O)Nc2cncc3ccccc23)c2cc(Cl)ccc2N1,MIC-UNK-45817b9b-1,<rdkit.Chem.rdchem.Mol object at 0x1683a5700>,351.077454368,3,2,3.952700000000002,6.350135681228155,6.306177527898735,True
O=C(Nc1cncc2ccc(F)cc12)C1CCOc2ccc(Cl)cc21,ALP-POS-696356e4-1,<rdkit.Chem.rdchem.Mol object at 0x1683a5620>,356.072783588,3,1,4.532100000000003,6.115422337639023,6.328602041045182,True
COC(=O)/C=C/C(=O)N(C(=O)[C@@H]1CCOc2ccc(Cl)cc21)c1cncc2ccccc12,DAR-DIA-5ff57136-9,<rdkit.Chem.rdchem.Mol object at 0x1683a55b0>,450.09824938800006,6,0,4.043300000000003,6.301462289972222,6.202835927595771,True
O=C(Cc1ccc(Cl)c(Cl)c1)Nc1cncc2ccccc12,MAT-POS-23a8a11a-1,<rdkit.Chem.rdchem.Mol object at 0x1683a5540>,330.03266836399996,2,1,4.722800000000002,6.551530977691473,6.880717678283122,True
COc1ccccc1OCCNC(=O)c1cc(=O)cc[nH]1,MAT-POS-8fd29122-1,<rdkit.Chem.rdchem.Mol object at 0x1683a54d0>,288.111006992,4,2,1.1923,4.002176919254275,4.00436480540245,True
O=C(c1cc(=O)cc[nH]1)N1CCN(c2cccc(Cl)c2)CC1,MAT-POS-8fd29122-2,<rdkit.Chem.rdchem.Mol object at 0x1683a5460>,317.093104432,3,1,1.9907,4.002176919254275,4.229668317901562,True
O=C1NC2(CCOc3ccc(Cl)cc32)C(=O)N1c1cncc2ccccc12,VLA-UCB-29506327-1,<rdkit.Chem.rdchem.Mol object at 0x1683a53f0>,379.072368988,4,1,3.6224000000000025,5.880744977556292,6.438334002964864,True
O=C(Nc1cncc2ccccc12)C1CCOc2c(O)cc(Cl)cc21,ALP-POS-ce760d3f-1,<rdkit.Chem.rdchem.Mol object at 0x1683a5380>,354.07712002000005,4,2,4.098600000000002,6.237163430332089,6.2753990771184816,True
O=C(Nc1cncc2ccncc12)[C@H]1CCOc2ccc(Cl)cc21,ALP-POS-ce760d3f-3,<rdkit.Chem.rdchem.Mol object at 0x1683a5310>,339.07745436799996,4,1,3.788000000000002,6.0037482214964495,6.115070738401929,True
O=C1C(c2ccc(Cl)cc2)CCCN1c1cncc2ccccc12,ALP-POS-ce760d3f-8,<rdkit.Chem.rdchem.Mol object at 0x1683a52a0>,336.10294084400005,2,0,4.798800000000003,4.106740810064722,4.781555998606518,True
O=C(Nc1cncc2ccccc12)[C@]1(O)CCOc2ccc(Cl)cc21,EDG-MED-971238d3-1,<rdkit.Chem.rdchem.Mol object at 0x1683a5230>,354.07712002000005,4,2,3.4970000000000017,6.005252753447471,5.880887073331294,True
O=C(Nc1cncc2ccccc12)[C@@H]1CCNc2ccc(Cl)cc21,EDJ-MED-92e193ae-1,<rdkit.Chem.rdchem.Mol object at 0x1683a5150>,337.098189812,3,2,4.426100000000003,6.637845102257458,6.742487399966114,True
O=C1CCCN1Cc1cccc(C(=O)N2CCC(C3CCNC3)CC2)c1,LON-WEI-b2874fec-1,<rdkit.Chem.rdchem.Mol object at 0x1683a50e0>,355.22597716800004,3,1,2.2707000000000006,4.002176919254275,4.00436480540245,True
Cc1ccc(Nc2ccccc2C(=O)N2CCC(C3CCNC3)CC2)cc1,LON-WEI-b2874fec-2,<rdkit.Chem.rdchem.Mol object at 0x1683a5070>,363.231062548,3,2,4.200320000000002,4.002176919254275,4.00436480540245,True
CS(=O)(=O)Nc1ccc(Cl)cc1C(=O)N1CCC(C2CCNC2)CC1,LON-WEI-b2874fec-3,<rdkit.Chem.rdchem.Mol object at 0x1683a5000>,385.122690308,4,2,2.1732000000000005,4.002176919254275,4.00436480540245,True
O=C1CCc2cc(C(=O)N3CCC(C4CCNC4)CC3)ccc2N1,LON-WEI-b2874fec-4,<rdkit.Chem.rdchem.Mol object at 0x1683a4f90>,327.19467704000004,3,2,2.0329999999999995,4.002176919254275,4.00436480540245,True
Cc1cc(C(=O)N2CCC(C3CCNC3)CC2)cc(S(=O)(=O)N(C)C)c1C,LON-WEI-b2874fec-5,<rdkit.Chem.rdchem.Mol object at 0x1683a4f20>,393.208612852,4,1,2.0154400000000003,4.002176919254275,4.00436480540245,True
Cc1c(C(=O)N2CCC(C3CCNC3)CC2)cccc1-c1ccccn1,LON-WEI-b2874fec-6,<rdkit.Chem.rdchem.Mol object at 0x1683a4eb0>,349.215412484,3,1,3.5187200000000027,4.002176919254275,4.00436480540245,True
CCCOc1c(Cl)cc(C(=O)N2CCC(C3CCNC3)CC2)cc1OCC,LON-WEI-b2874fec-7,<rdkit.Chem.rdchem.Mol object at 0x1683a4e40>,394.202320532,4,1,3.989200000000003,4.002176919254275,4.00436480540245,True
O=C(c1cccc(N2CCCNC2=O)c1)N1CCC(C2CCNC2)CC1,LON-WEI-b2874fec-9,<rdkit.Chem.rdchem.Mol object at 0x1683a4dd0>,356.221226136,3,2,2.0679999999999996,4.002176919254275,4.00436480540245,True
CN1CCN(c2ccc(F)cc2C(=O)N2CCC(C3CCNC3)CC2)CC1,LON-WEI-b2874fec-10,<rdkit.Chem.rdchem.Mol object at 0x1683a4d60>,374.24818983200004,4,1,2.0391999999999997,4.002176919254275,4.00436480540245,True
Cc1cc(C(=O)N2CCC(C3CCNC3)CC2)cc(C)c1OC(F)F,LON-WEI-b2874fec-11,<rdkit.Chem.rdchem.Mol object at 0x1683a4cf0>,352.19623451199993,3,1,3.3665400000000023,4.002176919254275,4.00436480540245,True
CS(=O)(=O)c1ccccc1C(=O)N1CCC(C2CCNC2)CC1,LON-WEI-b2874fec-12,<rdkit.Chem.rdchem.Mol object at 0x1683a4c80>,336.150763628,4,1,1.5517999999999998,4.002176919254275,4.00436480540245,True
CCc1ccc(S(C)(=O)=O)cc1C(=O)N1CCC(C2CCNC2)CC1,LON-WEI-b2874fec-13,<rdkit.Chem.rdchem.Mol object at 0x1683a4c10>,364.182063756,4,1,2.1142000000000003,4.002176919254275,4.00436480540245,True
O=C(c1ccc2[nH]c(C(F)F)nc2c1)N1CCC(C2CCNC2)CC1,LON-WEI-b2874fec-14,<rdkit.Chem.rdchem.Mol object at 0x1683a4ba0>,348.176167764,3,2,2.962200000000001,4.002176919254275,4.00436480540245,True
O=C(Nc1ccccc1)[C@@H](c1ccccc1)N1Cc2ccccc2C1=O,LON-WEI-b2874fec-15,<rdkit.Chem.rdchem.Mol object at 0x1683a4b30>,342.13682781599994,2,1,4.022400000000003,4.002176919254275,4.000862190243663,True
O=C(Nc1ccc(Cl)cc1)[C@@H](c1ccccc1)N1Cc2ccccc2C1=O,LON-WEI-b2874fec-16,<rdkit.Chem.rdchem.Mol object at 0x1683a4ac0>,376.097855464,2,1,4.675800000000003,4.002176919254275,4.1869528674819465,True
Cc1cccc(NC(=O)[C@@H](c2ccccc2)N2Cc3ccccc3C2=O)n1,LON-WEI-b2874fec-17,<rdkit.Chem.rdchem.Mol object at 0x1683a4a50>,357.147726848,3,1,3.7258200000000015,4.002176919254275,4.00436480540245,True
O=C(Nc1ccncc1)[C@@H](c1ccccc1)N1Cc2ccccc2C1=O,LON-WEI-b2874fec-18,<rdkit.Chem.rdchem.Mol object at 0x1683a49e0>,343.132076784,3,1,3.4174000000000024,4.002176919254275,4.00436480540245,True
O=C(Nc1ccc(F)cc1)[C@@H](c1ccccc1)N1Cc2ccccc2C1=O,LON-WEI-b2874fec-19,<rdkit.Chem.rdchem.Mol object at 0x1683a4970>,360.12740600399997,2,1,4.161500000000003,4.002176919254275,4.00436480540245,True
COCCNC(=O)[C@@H](c1ccccc1)N1Cc2ccccc2C1=O,LON-WEI-b2874fec-20,<rdkit.Chem.rdchem.Mol object at 0x1683a4900>,324.14739249999997,3,1,2.146299999999999,4.002176919254275,4.00436480540245,True
O=C(NCC1=[SH]C=CC1)[C@@H](c1ccccc1)N1Cc2ccccc2C1=O,LON-WEI-b2874fec-21,<rdkit.Chem.rdchem.Mol object at 0x1683a4890>,364.12454887999996,2,2,3.055200000000002,4.002176919254275,4.086266388363283,True
O=C(NCCc1ccccc1)[C@@H](c1ccccc1)N1Cc2ccccc2C1=O,LON-WEI-b2874fec-22,<rdkit.Chem.rdchem.Mol object at 0x1683a4820>,370.16812794399993,2,1,3.742600000000003,4.002176919254275,4.00436480540245,True
N#Cc1ccccc1NC(=O)[C@@H](c1ccccc1)N1Cc2ccccc2C1=O,LON-WEI-b2874fec-23,<rdkit.Chem.rdchem.Mol object at 0x1683a47b0>,367.132076784,3,1,3.8940800000000024,4.002176919254275,4.237679169811981,True
O=C(Nc1cccc(F)c1)[C@@H](c1ccccc1)N1Cc2ccccc2C1=O,LON-WEI-b2874fec-24,<rdkit.Chem.rdchem.Mol object at 0x1683a4740>,360.12740600399997,2,1,4.161500000000003,4.002176919254275,4.222445123109489,True
O=C(Nc1cccnc1)[C@@H](c1ccccc1)N1Cc2ccccc2C1=O,LON-WEI-b2874fec-25,<rdkit.Chem.rdchem.Mol object at 0x1683a46d0>,343.132076784,3,1,3.4174000000000024,4.002176919254275,4.224794204497109,True
CNCC1CCCN(C(=O)[C@@H](c2ccccc2)N2Cc3ccccc3C2=O)C1,LON-WEI-b2874fec-26,<rdkit.Chem.rdchem.Mol object at 0x1683a4660>,377.210327104,3,1,2.8417000000000003,4.002176919254275,4.00436480540245,True
CN(C)C(=O)C(CNC(=O)[C@@H](c1ccccc1)N1Cc2ccccc2C1=O)c1ccccc1,LON-WEI-b2874fec-27,<rdkit.Chem.rdchem.Mol object at 0x1683a45f0>,441.20524172399996,3,1,3.371900000000002,4.002176919254275,4.00436480540245,True
O=C(NCc1cccs1)[C@@H](c1ccccc1)N1Cc2ccccc2C1=O,LON-WEI-f8a636e2-1,<rdkit.Chem.rdchem.Mol object at 0x1683a4580>,362.10889881599996,3,1,3.7616000000000023,4.002176919254275,4.086266388363283,True
O=C(Nc1cncc2ccccc12)[C@@H]1COc2ccc(Cl)cc21,EDJ-MED-12c115cc-1,<rdkit.Chem.rdchem.Mol object at 0x1683a4510>,324.066555336,3,1,4.002900000000003,6.251483397142929,6.5639246623840295,True
O=C(Cc1ccc(F)c(Cl)c1)Nc1cncc2ccccc12,RAL-THA-2d450e86-6,<rdkit.Chem.rdchem.Mol object at 0x1683a4350>,314.062218904,2,1,4.208500000000002,6.426158504803125,6.492079833552196,True
Cc1ccc(CC(=O)Nc2cncc3ccccc23)cc1Cl,RAL-THA-2d450e86-8,<rdkit.Chem.rdchem.Mol object at 0x1683a42e0>,310.08729078,2,1,4.3778200000000025,5.961395720271215,6.0127497308735585,True
O=C(Cc1cc(F)cc(Cl)c1)Nc1cncc2ccccc12,RAL-THA-2d450e86-14,<rdkit.Chem.rdchem.Mol object at 0x1683a4270>,314.062218904,2,1,4.208500000000002,6.416816819953841,6.360974933156163,True
O=C(Cc1cc(F)cc(F)c1)Nc1cncc2ccccc12,RAL-THA-2d450e86-16,<rdkit.Chem.rdchem.Mol object at 0x1683a4200>,298.09176944399997,2,1,3.6942000000000013,6.24454562045669,6.098757123782953,True
N#Cc1cc(Cl)cc(CC(=O)Nc2cncc3ccccc23)c1,RAL-THA-2d450e86-17,<rdkit.Chem.rdchem.Mol object at 0x1683a4190>,321.066889684,3,1,3.9410800000000012,6.3658168163877145,6.395298868752137,True
O=C(Nc1cncc2ccccc12)C1CCOc2cc(F)c(Cl)cc21,RAL-THA-05e671eb-10,<rdkit.Chem.rdchem.Mol object at 0x1683a4120>,356.072783588,3,1,4.532100000000003,6.731405237766415,6.346996020759844,True
O=C(Cc1cc(Cl)cc(Cl)c1)Nc1cncc2ccccc12,MAT-POS-fce787c2-2,<rdkit.Chem.rdchem.Mol object at 0x1683a40b0>,330.03266836399996,2,1,4.722800000000002,5.8626452526759145,6.101828840483381,True
N#CC(C(=O)Nc1cncc2ccccc12)c1ccc(Cl)c(Cl)c1,MAT-POS-fce787c2-8,<rdkit.Chem.rdchem.Mol object at 0x168399000>,355.027917332,3,1,4.787480000000002,6.0952291316318465,6.287245374747419,True
COC(C(=O)Nc1cncc2ccccc12)c1ccc(Cl)c(Cl)c1,MAT-POS-de59a476-2,<rdkit.Chem.rdchem.Mol object at 0x168398f90>,360.043233048,3,1,4.867800000000003,5.9666610504981925,6.0174504647699365,True
COCCOC(C(=O)Nc1cncc2ccccc12)c1ccc(Cl)c(Cl)c1,MAT-POS-de59a476-4,<rdkit.Chem.rdchem.Mol object at 0x168398f20>,404.069447796,4,1,4.884400000000004,6.059557196923899,6.011161657339029,True
COC1(C(=O)Nc2cncc3ccccc23)CCOc2ccc(Cl)cc21,EDG-MED-0e5afe9d-3,<rdkit.Chem.rdchem.Mol object at 0x168398eb0>,368.09277008400005,4,1,4.151100000000003,6.731404929601617,6.627721416311105,True
CO[C@]1(C(=O)Nc2cncc3ccccc23)CCOc2cc(Cl)c(Cl)cc21,EDJ-MED-d08626de-3,<rdkit.Chem.rdchem.Mol object at 0x168398900>,402.053797732,4,1,4.8045000000000035,6.512390701093534,6.33464180733379,True
CO[C@@]1(C(=O)Nc2cncc3ccccc23)CCOc2cc(Cl)c(Cl)cc21,EDJ-MED-d08626de-4,<rdkit.Chem.rdchem.Mol object at 0x168398820>,402.053797732,4,1,4.8045000000000035,4.215261671546028,4.152115274437003,True
COC1(C(=O)Nc2cncc3ccccc23)CCOc2cc(Cl)c(Cl)cc21,EDJ-MED-d08626de-5,<rdkit.Chem.rdchem.Mol object at 0x1683987b0>,402.053797732,4,1,4.8045000000000035,6.263441631740795,6.127577610910792,True
O=C1N[C@@]2(CCOc3ccc(Cl)cc32)C(=O)N1c1cncc2ccccc12,VLA-UNK-cf7facf1-1,<rdkit.Chem.rdchem.Mol object at 0x168398740>,379.072368988,4,1,3.6224000000000025,6.160137016324114,6.187957673850537,True
O=C(Nc1cncc2ccc(F)cc12)[C@@H]1CCOc2ccc(Cl)cc21,EDG-MED-5d232de5-1,<rdkit.Chem.rdchem.Mol object at 0x168398660>,356.072783588,3,1,4.532100000000003,6.491519540998661,6.577174832479128,True
CC(=O)N1CC[C@H](C(=O)Nc2cncc3ccccc23)c2cc(Cl)ccc21,EDG-MED-5d232de5-4,<rdkit.Chem.rdchem.Mol object at 0x16839bf40>,379.10875449599996,3,1,4.367100000000003,6.449993732978767,6.421418370504183,True
CN1CC[C@H](C(=O)Nc2cncc3ccccc23)c2cc(Cl)ccc21,EDG-MED-5d232de5-5,<rdkit.Chem.rdchem.Mol object at 0x16839bed0>,351.113839876,3,1,4.450400000000004,6.609482475768088,6.612393551951656,True
CN(C)C(=O)C[C@]1(C(=O)Nc2cncc3ccccc23)CCOc2ccc(Cl)cc21,MAT-POS-f9802937-3,<rdkit.Chem.rdchem.Mol object at 0x16839be60>,423.13496924399993,4,1,4.025500000000002,5.884490948087934,5.723320310943756,True
COc1ccc2cncc(NC(=O)C3CCOc4ccc(Cl)cc43)c2c1,MAT-POS-f9802937-7,<rdkit.Chem.rdchem.Mol object at 0x16839bdf0>,368.09277008400005,4,1,4.401600000000003,6.643836090652268,6.432341865925,True
O=C(Nc1cncc2ccccc12)C1(CO)CCOc2ccc(Cl)cc21,MAT-POS-9db1e783-2,<rdkit.Chem.rdchem.Mol object at 0x16839bd80>,368.09277008400005,4,2,3.539500000000002,5.963356796650375,5.930027920592959,True
Cn1c(=O)ccn(CC(=O)NC(C(=O)Nc2cncc3ccccc23)c2cccc(Cl)c2)c1=O,EDJ-MED-ee07cf00-1,<rdkit.Chem.rdchem.Mol object at 0x16839bd10>,477.12038179999996,7,2,2.2448000000000006,4.946560033039688,4.802115351363456,True
N#Cc1cn(CC(=O)NC(C(=O)Nc2cncc3ccccc23)c2cccc(Cl)c2)c(=O)[nH]c1=O,EDJ-MED-ee07cf00-8,<rdkit.Chem.rdchem.Mol object at 0x16839bc30>,488.099980704,7,3,2.1060799999999995,4.672848822372094,4.6086990372999885,True
O=C(Cn1nnc(-c2ccccc2)n1)NC(C(=O)Nc1cncc2ccccc12)c1cccc(Cl)c1,EDJ-MED-ee07cf00-9,<rdkit.Chem.rdchem.Mol object at 0x16839bbc0>,497.13670056,7,2,4.037900000000002,4.737888038566544,4.458515941107841,True
COCCCNCC1(C(=O)Nc2cncc3ccccc23)CCOc2ccc(Cl)cc21,EDJ-MED-8c98ee63-1,<rdkit.Chem.rdchem.Mol object at 0x16839bb50>,439.16626937199993,5,2,4.173300000000003,4.943724637398059,4.647579456041038,True
COCC1(C(=O)Nc2cncc3ccccc23)CCOc2cc(Cl)c(Cl)cc21,EDJ-MED-37aac4bd-2,<rdkit.Chem.rdchem.Mol object at 0x16839bae0>,416.069447796,4,1,4.847000000000004,5.39340625826649,4.755477215520434,True
